time_ms,accel_x_raw,accel_y_raw,accel_z_raw,uv_raw,accel_valid,uv_valid,uv_new,sensor_error_mask,pump_on,accel_fifo_skipped_total,log_dropped_total
41768,16,-5391,141,0,1,0,0,0,0,0,0
41778,24,-5375,145,0,1,0,0,0,0,0,0
41788,26,-5378,146,0,1,0,0,0,0,0,0
41798,13,-5387,149,0,1,0,0,0,0,0,0
41806,9,-5388,150,0,1,0,0,0,0,0,0
41816,30,-5384,143,0,1,0,0,0,0,0,0
41826,19,-5387,142,0,1,0,0,0,0,0,0
41836,14,-5376,139,0,1,0,0,0,0,0,0
41846,24,-5383,139,0,1,0,0,0,0,0,0
41856,29,-5382,139,0,1,0,0,0,0,0,0
41866,9,-5384,142,0,1,0,0,0,0,0,0
41876,24,-5382,137,0,1,0,0,0,0,0,0
41886,9,-5378,151,0,1,0,0,0,0,0,0
41896,30,-5377,145,0,1,0,0,0,0,0,0
41906,23,-5382,141,0,1,0,0,0,0,0,0
41916,20,-5377,148,0,1,0,0,0,0,0,0
41926,27,-5379,145,0,1,0,0,0,0,0,0
41936,33,-5370,135,0,1,0,0,0,0,0,0
41946,15,-5379,141,0,1,0,0,0,0,0,0
41956,21,-5390,148,0,1,0,0,0,0,0,0
41966,20,-5394,151,0,1,0,0,0,0,0,0
41976,31,-5380,145,0,1,0,0,0,0,0,0
41986,28,-5382,147,0,1,0,0,0,0,0,0
41999,15,-5384,148,0,1,0,0,0,0,0,0
42009,19,-5385,145,0,1,0,0,0,0,0,0
42019,26,-5382,139,0,1,0,0,0,0,0,0
42029,29,-5395,136,0,1,0,0,0,0,0,0
42039,22,-5391,146,0,1,0,0,0,0,0,0
42049,25,-5385,135,0,1,0,0,0,0,0,0
42059,11,-5383,136,0,1,0,0,0,0,0,0
42060,18,-5380,148,0,1,0,0,0,0,0,0
42070,14,-5380,136,0,1,0,0,0,0,0,0
42080,20,-5381,133,0,1,0,0,0,0,0,0
42094,23,-5371,146,0,1,0,0,0,0,0,0
42104,27,-5383,135,0,1,0,0,0,0,0,0
42115,25,-5393,145,0,1,0,0,0,0,0,0
42125,23,-5396,143,0,1,0,0,0,0,0,0
42138,11,-5392,145,0,1,0,0,0,0,0,0
42148,19,-5387,155,0,1,0,0,0,0,0,0
42158,18,-5389,135,0,1,0,0,0,0,0,0
42168,22,-5395,138,0,1,0,0,0,0,0,0
42178,29,-5385,134,0,1,0,0,0,0,0,0
42188,12,-5372,132,0,1,1,0,0,0,0,0
42198,22,-5379,142,0,1,1,0,0,0,0,0
42208,28,-5382,147,0,1,1,1,0,0,0,0
42211,26,-5382,136,0,1,1,0,0,0,0,0
42221,28,-5375,139,0,1,1,0,0,0,0,0
42232,16,-5379,145,0,1,1,0,0,0,0,0
42242,22,-5384,137,0,1,1,0,0,0,0,0
42253,32,-5389,137,0,1,1,0,0,0,0,0
42263,13,-5390,145,0,1,1,0,0,0,0,0
42274,10,-5375,140,0,1,1,0,0,0,0,0
42284,24,-5368,148,0,1,1,0,0,0,0,0
42295,9,-5373,136,0,1,1,0,0,0,0,0
42305,15,-5398,139,0,1,1,0,0,0,0,0
42316,14,-5387,135,0,1,1,0,0,0,0,0
42326,23,-5374,144,0,1,1,0,0,0,0,0
42337,18,-5381,148,0,1,1,0,0,0,0,0
42347,23,-5369,146,0,1,1,0,0,0,0,0
42358,19,-5380,145,0,1,1,0,0,0,0,0
42368,34,-5385,138,0,1,1,0,0,0,0,0
42378,25,-5393,140,0,1,1,0,0,0,0,0
42388,16,-5386,146,0,1,1,0,0,0,0,0
42398,16,-5391,139,0,1,1,0,0,0,0,0
42408,17,-5388,147,0,1,1,0,0,0,0,0
42418,15,-5372,135,0,1,1,0,0,0,0,0
42428,13,-5377,145,0,1,1,0,0,0,0,0
42438,13,-5388,143,0,1,1,0,0,0,0,0
42439,19,-5377,141,0,1,1,0,0,0,0,0
42449,22,-5371,141,0,1,1,0,0,0,0,0
42459,16,-5386,144,0,1,1,0,0,0,0,0
42469,28,-5386,143,0,1,1,0,0,0,0,0
42479,23,-5391,142,0,1,1,0,0,0,0,0
42489,8,-5389,141,0,1,1,0,0,0,0,0
42499,23,-5383,141,0,1,1,0,0,0,0,0
42509,27,-5385,135,0,1,1,0,0,0,0,0
42519,21,-5378,138,0,1,1,0,0,0,0,0
42529,16,-5385,146,0,1,1,0,0,0,0,0
42539,17,-5384,149,0,1,1,0,0,0,0,0
42549,28,-5387,151,0,1,1,0,0,0,0,0
42559,28,-5379,143,0,1,1,0,0,0,0,0
42569,22,-5386,137,0,1,1,0,0,0,0,0
42579,14,-5365,144,0,1,1,0,0,0,0,0
42589,8,-5378,154,0,1,1,0,0,0,0,0
42599,20,-5383,152,0,1,1,0,0,0,0,0
42609,28,-5382,138,0,1,1,0,0,0,0,0
42619,25,-5379,132,0,1,1,0,0,0,0,0
42629,26,-5386,143,0,1,1,0,0,0,0,0
42639,19,-5379,148,0,1,1,0,0,0,0,0
42649,23,-5375,139,0,1,1,0,0,0,0,0
42659,22,-5377,144,0,1,1,0,0,0,0,0
42669,25,-5381,142,0,1,1,0,0,0,0,0
42679,20,-5380,128,0,1,1,0,0,0,0,0
42689,33,-5377,139,0,1,1,0,0,0,0,0
42703,26,-5383,147,0,1,1,0,0,0,0,0
42713,25,-5375,142,0,1,1,1,0,0,0,0
42714,36,-5368,148,0,1,1,0,0,0,0,0
42724,32,-5393,158,0,1,1,0,0,0,0,0
42734,12,-5389,141,0,1,1,0,0,0,0,0
42745,27,-5394,139,0,1,1,0,0,0,0,0
42755,19,-5388,142,0,1,1,0,0,0,0,0
42766,6,-5389,144,0,1,1,0,0,0,0,0
42776,16,-5376,145,0,1,1,0,0,0,0,0
42786,15,-5373,142,0,1,1,0,0,0,0,0
42796,15,-5388,137,0,1,1,0,0,0,0,0
42810,18,-5386,129,0,1,1,0,0,0,0,0
42820,23,-5385,133,0,1,1,0,0,0,0,0
42830,24,-5373,146,0,1,1,0,0,0,0,0
42841,26,-5385,156,0,1,1,0,0,0,0,0
42851,7,-5388,137,0,1,1,0,0,0,0,0
42862,18,-5377,135,0,1,1,0,0,0,0,0
42872,12,-5384,144,0,1,1,0,0,0,0,0
42873,24,-5378,144,0,1,1,0,0,0,0,0
42883,27,-5379,143,0,1,1,0,0,0,0,0
42893,19,-5387,147,0,1,1,0,0,0,0,0
42908,18,-5369,148,0,1,1,0,0,0,0,0
42918,9,-5362,152,0,1,1,0,0,0,0,0
42929,11,-5384,144,0,1,1,0,0,0,0,0
42939,28,-5379,141,0,1,1,0,0,0,0,0
42950,17,-5374,146,0,1,1,0,0,0,0,0
42960,19,-5396,149,0,1,1,0,0,0,0,0
42961,21,-5384,149,0,1,1,0,0,0,0,0
42971,17,-5374,147,0,1,1,0,0,0,0,0
42981,18,-5383,131,0,1,1,0,0,0,0,0
42992,27,-5385,132,0,1,1,0,0,0,0,0
43002,21,-5382,147,0,1,1,0,0,0,0,0
43013,27,-5381,141,0,1,1,0,0,0,0,0
43023,35,-5388,143,0,1,1,0,0,0,0,0
43034,24,-5380,140,0,1,1,0,0,0,0,0
43044,20,-5392,145,0,1,1,0,0,0,0,0
43055,11,-5395,138,0,1,1,0,0,0,0,0
43065,-3,-5389,148,0,1,1,0,0,0,0,0
43076,22,-5376,155,0,1,1,0,0,0,0,0
43086,28,-5388,138,0,1,1,0,0,0,0,0
43096,20,-5383,135,0,1,1,0,0,0,0,0
43106,29,-5378,137,0,1,1,0,0,0,0,0
43116,5,-5372,142,0,1,1,0,0,0,0,0
43126,12,-5390,147,0,1,1,0,0,0,0,0
43136,22,-5383,142,0,1,1,0,0,0,0,0
43146,12,-5379,139,0,1,1,0,0,0,0,0
43157,13,-5384,141,0,1,1,0,0,0,0,0
43167,21,-5384,150,0,1,1,0,0,0,0,0
43177,24,-5375,143,0,1,1,0,0,0,0,0
43187,12,-5389,136,0,1,1,0,0,0,0,0
43197,24,-5386,147,0,1,1,0,0,0,0,0
43207,22,-5371,145,0,1,1,0,0,0,0,0
43210,33,-5368,148,0,1,1,0,0,0,0,0
43220,22,-5387,149,0,1,1,0,0,0,0,0
43230,3,-5387,140,0,1,1,1,0,0,0,0
43241,13,-5384,140,0,1,1,0,0,0,0,0
43251,16,-5386,132,0,1,1,0,0,0,0,0
43261,18,-5379,136,0,1,1,0,0,0,0,0
43271,12,-5373,137,0,1,1,0,0,0,0,0
43281,27,-5373,147,0,1,1,0,0,0,0,0
43291,17,-5378,131,0,1,1,0,0,0,0,0
43301,26,-5373,131,0,1,1,0,0,0,0,0
43311,20,-5388,136,0,1,1,0,0,0,0,0
43322,25,-5389,130,0,1,1,0,0,0,0,0
43332,23,-5386,136,0,1,1,0,0,0,0,0
43342,15,-5381,146,0,1,1,0,0,0,0,0
43352,17,-5374,155,0,1,1,0,0,0,0,0
43362,32,-5391,146,0,1,1,0,0,0,0,0
43372,29,-5391,136,0,1,1,0,0,0,0,0
43382,30,-5381,140,0,1,1,0,0,0,0,0
43392,31,-5382,135,0,1,1,0,0,0,0,0
43402,26,-5381,139,0,1,1,0,0,0,0,0
43412,33,-5383,135,0,1,1,0,0,0,0,0
43422,26,-5384,143,0,1,1,0,0,0,0,0
43432,17,-5383,148,0,1,1,0,0,0,0,0
43442,11,-5367,142,0,1,1,0,0,0,0,0
43452,21,-5376,143,0,1,1,0,0,0,0,0
43462,17,-5383,138,0,1,1,0,0,0,0,0
43472,11,-5376,135,0,1,1,0,0,0,0,0
43483,24,-5374,144,0,1,1,0,0,0,0,0
43493,36,-5378,148,0,1,1,0,0,0,0,0
43503,23,-5378,151,0,1,1,0,0,0,0,0
43513,31,-5382,143,0,1,1,0,0,0,0,0
43523,33,-5384,138,0,1,1,0,0,0,0,0
43533,35,-5378,152,0,1,1,0,0,0,0,0
43543,14,-5380,148,0,1,1,0,0,0,0,0
43553,14,-5382,140,0,1,1,0,0,0,0,0
43563,8,-5377,140,0,1,1,0,0,0,0,0
43573,11,-5378,151,0,1,1,0,0,0,0,0
43583,20,-5385,137,0,1,1,0,0,0,0,0
43593,32,-5374,141,0,1,1,0,0,0,0,0
43603,35,-5379,146,0,1,1,0,0,0,0,0
43613,14,-5382,149,0,1,1,0,0,0,0,0
43623,13,-5384,147,0,1,1,0,0,0,0,0
43633,25,-5389,145,0,1,1,0,0,0,0,0
43634,17,-5388,153,0,1,1,0,0,0,0,0
43644,29,-5385,153,0,1,1,0,0,0,0,0
43654,25,-5386,138,0,1,1,0,0,0,0,0
43664,17,-5390,148,0,1,1,0,0,0,0,0
43674,20,-5378,151,0,1,1,0,0,0,0,0
43684,2,-5379,142,0,1,1,0,0,0,0,0
43694,17,-5383,138,0,1,1,0,0,0,0,0
43704,21,-5385,140,0,1,1,0,0,0,0,0
43719,20,-5380,147,0,1,1,0,0,0,0,0
43729,38,-5375,151,0,1,1,0,0,0,0,0
43739,31,-5380,147,0,1,1,0,0,0,0,0
43749,15,-5371,138,0,1,1,0,0,0,0,0
43759,15,-5365,145,0,1,1,1,0,0,0,0
43769,26,-5372,137,0,1,1,0,0,0,0,0
43779,15,-5376,139,0,1,1,0,0,0,0,0
43789,14,-5376,135,0,1,1,0,0,0,0,0
43799,11,-5379,128,0,1,1,0,0,0,0,0
43803,35,-5380,139,0,1,1,0,0,0,0,0
43813,29,-5390,139,0,1,1,0,0,0,0,0
43823,19,-5385,142,0,1,1,0,0,0,0,0
43833,15,-5374,135,0,1,1,0,0,0,0,0
43844,10,-5377,138,0,1,1,0,0,0,0,0
43854,31,-5381,146,0,1,1,0,0,0,0,0
43865,27,-5380,134,0,1,1,0,0,0,0,0
43875,29,-5381,139,0,1,1,0,0,0,0,0
43890,23,-5380,139,0,1,1,0,0,0,0,0
43900,22,-5375,146,0,1,1,0,0,0,0,0
43901,14,-5381,140,0,1,1,0,0,0,0,0
43911,18,-5385,144,0,1,1,0,0,0,0,0
43921,20,-5381,134,0,1,1,0,0,0,0,0
43932,18,-5374,143,0,1,1,0,0,0,0,0
43942,29,-5383,139,0,1,1,0,0,0,0,0
43953,22,-5374,137,0,1,1,0,0,0,0,0
43963,14,-5372,140,0,1,1,0,0,0,0,0
43974,22,-5388,153,0,1,1,0,0,0,0,0
43984,16,-5390,137,0,1,1,0,0,0,0,0
43995,21,-5378,138,0,1,1,0,0,0,0,0
44005,24,-5375,136,0,1,1,0,0,0,0,0
44016,19,-5377,135,0,1,1,0,0,0,0,0
44026,15,-5379,136,0,1,1,0,0,0,0,0
44037,33,-5386,134,0,1,1,0,0,0,0,0
44047,23,-5390,135,0,1,1,0,0,0,0,0
44058,19,-5384,133,0,1,1,0,0,0,0,0
44068,26,-5367,142,0,1,1,0,0,0,0,0
44078,15,-5368,143,0,1,1,0,0,0,0,0
44088,20,-5380,153,0,1,1,0,0,0,0,0
44098,17,-5380,147,0,1,1,0,0,0,0,0
44108,21,-5378,133,0,1,1,0,0,0,0,0
44118,30,-5388,132,0,1,1,0,0,0,0,0
44128,37,-5384,147,0,1,1,0,0,0,0,0
44129,30,-5366,150,0,1,1,0,0,0,0,0
44139,19,-5370,142,0,1,1,0,0,0,0,0
44149,21,-5377,137,0,1,1,0,0,0,0,0
44159,27,-5380,143,0,1,1,0,0,0,0,0
44169,27,-5392,145,0,1,1,0,0,0,0,0
44179,19,-5375,153,0,1,1,0,0,0,0,0
44189,24,-5368,157,0,1,1,0,0,0,0,0
44199,24,-5388,147,0,1,1,0,0,0,0,0
44209,5,-5385,146,0,1,1,0,0,0,0,0
44220,19,-5391,149,0,1,1,0,0,0,0,0
44230,20,-5384,140,0,1,1,0,0,0,0,0
44240,27,-5368,143,0,1,1,0,0,0,0,0
44250,16,-5378,137,0,1,1,0,0,0,0,0
44263,30,-5375,133,0,1,1,0,0,0,0,0
44273,20,-5376,137,0,1,1,1,0,0,0,0
44283,15,-5386,141,0,1,1,0,0,0,0,0
44293,8,-5375,142,0,1,1,0,0,0,0,0
44304,22,-5384,140,0,1,1,0,0,0,0,0
44314,25,-5380,146,0,1,1,0,0,0,0,0
44324,25,-5390,143,0,1,1,0,0,0,0,0
44334,9,-5376,154,0,1,1,0,0,0,0,0
44344,14,-5372,141,0,1,1,0,0,0,0,0
44354,23,-5372,149,0,1,1,0,0,0,0,0
44364,28,-5375,139,0,1,1,0,0,0,0,0
44374,30,-5377,138,0,1,1,0,0,0,0,0
44384,11,-5373,134,0,1,1,0,0,0,0,0
44394,26,-5378,139,0,1,1,0,0,0,0,0
44404,34,-5383,141,0,1,1,0,0,0,0,0
44414,11,-5371,136,0,1,1,0,0,0,0,0
44424,25,-5380,141,0,1,1,0,0,0,0,0
44434,37,-5374,140,0,1,1,0,0,0,0,0
44444,30,-5375,141,0,1,1,0,0,0,0,0
44454,36,-5386,153,0,1,1,0,0,0,0,0
44455,20,-5381,145,0,1,1,0,0,0,0,0
44465,26,-5382,134,0,1,1,0,0,0,0,0
44475,21,-5388,147,0,1,1,0,0,0,0,0
44485,19,-5381,150,0,1,1,0,0,0,0,0
44495,15,-5385,146,0,1,1,0,0,0,0,0
44505,30,-5377,141,0,1,1,0,0,0,0,0
44515,19,-5375,136,0,1,1,0,0,0,0,0
44525,16,-5382,143,0,1,1,0,0,0,0,0
44535,17,-5395,156,0,1,1,0,0,0,0,0
44546,19,-5393,150,0,1,1,0,0,0,0,0
44556,26,-5380,149,0,1,1,0,0,0,0,0
44566,32,-5397,142,0,1,1,0,0,0,0,0
44576,22,-5378,140,0,1,1,0,0,0,0,0
44586,16,-5374,152,0,1,1,0,0,0,0,0
44596,19,-5378,145,0,1,1,0,0,0,0,0
44606,29,-5379,143,0,1,1,0,0,0,0,0
44616,34,-5386,145,0,1,1,0,0,0,0,0
44626,20,-5387,144,0,1,1,0,0,0,0,0
44636,13,-5374,141,0,1,1,0,0,0,0,0
44646,16,-5370,146,0,1,1,0,0,0,0,0
44656,11,-5381,152,0,1,1,0,0,0,0,0
44666,27,-5383,146,0,1,1,0,0,0,0,0
44676,10,-5377,146,0,1,1,0,0,0,0,0
44686,7,-5379,141,0,1,1,0,0,0,0,0
44696,14,-5386,137,0,1,1,0,0,0,0,0
44706,16,-5378,149,0,1,1,0,0,0,0,0
44717,24,-5377,141,0,1,1,0,0,0,0,0
44727,14,-5383,135,0,1,1,0,0,0,0,0
44737,25,-5372,146,0,1,1,0,0,0,0,0
44747,18,-5374,149,0,1,1,0,0,0,0,0
44757,25,-5383,148,0,1,1,0,0,0,0,0
44767,23,-5397,139,0,1,1,0,0,0,0,0
44777,17,-5379,137,0,1,1,0,0,0,0,0
44787,14,-5380,136,0,1,1,0,0,0,0,0
44791,19,-5391,137,0,1,1,0,0,0,0,0
44801,21,-5385,142,0,1,1,0,0,0,0,0
44811,21,-5379,141,0,1,1,0,0,0,0,0
44821,19,-5372,150,0,1,1,0,0,0,0,0
44831,17,-5396,161,0,1,1,1,0,0,0,0
44842,17,-5382,150,0,1,1,0,0,0,0,0
44852,30,-5379,146,0,1,1,0,0,0,0,0
44863,25,-5385,149,0,1,1,0,0,0,0,0
44873,23,-5380,140,0,1,1,0,0,0,0,0
44888,21,-5376,135,0,1,1,0,0,0,0,0
44898,17,-5389,136,0,1,1,0,0,0,0,0
44909,26,-5387,133,0,1,1,0,0,0,0,0
44919,29,-5378,147,0,1,1,0,0,0,0,0
44920,15,-5385,152,0,1,1,0,0,0,0,0
44930,15,-5394,140,0,1,1,0,0,0,0,0
44940,17,-5385,146,0,1,1,0,0,0,0,0
44951,28,-5377,134,0,1,1,0,0,0,0,0
44961,15,-5379,143,0,1,1,0,0,0,0,0
44972,17,-5370,149,0,1,1,0,0,0,0,0
44982,11,-5410,112,0,1,1,0,0,0,0,0
44992,27,-5364,145,0,1,1,0,0,0,0,0
45002,36,-5382,122,0,1,1,0,0,0,0,0
45012,25,-5413,155,0,1,1,0,0,0,0,0
45022,3,-5364,164,0,1,1,0,0,0,0,0
45032,16,-5381,136,0,1,1,0,0,0,0,0
45042,23,-5392,165,0,1,1,0,0,0,0,0
45052,19,-5384,124,0,1,1,0,0,0,0,0
45062,24,-5352,155,0,1,1,0,0,0,0,0
45072,27,-5397,120,0,1,1,0,0,0,0,0
45082,24,-5396,136,0,1,1,0,0,0,0,0
45092,27,-5382,141,0,1,1,0,0,0,0,0
45102,20,-5402,130,0,1,1,0,0,0,0,0
45112,26,-5387,156,0,1,1,0,0,0,0,0
45122,9,-5380,132,0,1,1,0,0,0,0,0
45132,3,-5381,149,0,1,1,0,0,0,0,0
45142,13,-5395,155,0,1,1,0,0,0,0,0
45152,11,-5390,134,0,1,1,0,0,0,0,0
45162,15,-5370,161,0,1,1,0,0,0,0,0
45172,5,-5381,119,0,1,1,0,0,0,0,0
45182,11,-5371,127,0,1,1,0,0,0,0,0
45192,21,-5369,141,0,1,1,0,0,0,0,0
45202,26,-5400,130,0,1,1,0,0,0,0,0
45212,24,-5392,152,0,1,1,0,0,0,0,0
45222,21,-5355,131,0,1,1,0,0,0,0,0
45232,26,-5365,142,0,1,1,0,0,0,0,0
45242,20,-5399,147,0,1,1,0,0,0,0,0
45252,14,-5360,153,0,1,1,0,0,0,0,0
45262,38,-5399,171,0,1,1,0,0,0,0,0
45272,27,-5394,164,0,1,1,0,0,0,0,0
45282,19,-5333,154,0,1,1,0,0,0,0,0
45292,31,-5404,138,0,1,1,0,0,0,0,0
45302,27,-5392,149,0,1,1,0,0,0,0,0
45313,32,-5357,118,0,1,1,0,0,0,0,0
45323,20,-5381,129,0,1,1,1,0,0,0,0
45333,17,-5397,127,0,1,1,0,0,0,0,0
45343,4,-5370,128,0,1,1,0,0,0,0,0
45353,16,-5360,140,0,1,1,0,0,0,0,0
45363,6,-5386,128,0,1,1,0,0,0,0,0
45373,19,-5378,142,0,1,1,0,0,0,0,0
45383,20,-5368,149,0,1,1,0,0,0,0,0
45393,11,-5371,141,0,1,1,0,0,0,0,0
45403,34,-5384,161,0,1,1,0,0,0,0,0
45413,25,-5387,142,0,1,1,0,0,0,0,0
45423,22,-5358,153,0,1,1,0,0,0,0,0
45433,39,-5408,138,0,1,1,0,0,0,0,0
45443,37,-5384,149,0,1,1,0,0,0,0,0
45454,42,-5357,128,0,1,1,0,0,0,0,0
45464,53,-5386,137,0,1,1,0,0,0,0,0
45474,48,-5399,141,0,1,1,0,0,0,0,0
45484,40,-5373,115,0,1,1,0,0,0,0,0
45494,20,-5377,141,0,1,1,0,0,0,0,0
45504,36,-5387,140,0,1,1,0,0,0,0,0
45514,19,-5385,140,0,1,1,0,0,0,0,0
45524,-14,-5407,139,0,1,1,0,0,0,0,0
45534,-3,-5360,155,0,1,1,0,0,0,0,0
45535,-5,-5389,141,0,1,1,0,0,0,0,0
45545,-8,-5389,159,0,1,1,0,0,0,0,0
45555,17,-5364,115,0,1,1,0,0,0,0,0
45565,12,-5374,136,0,1,1,0,0,0,0,0
45575,25,-5391,130,0,1,1,0,0,0,0,0
45585,30,-5388,111,0,1,1,0,0,0,0,0
45595,30,-5361,156,0,1,1,0,0,0,0,0
45605,32,-5387,133,0,1,1,0,0,0,0,0
45615,28,-5375,162,0,1,1,0,0,0,0,0
45625,23,-5375,160,0,1,1,0,0,0,0,0
45635,43,-5386,161,0,1,1,0,0,0,0,0
45645,45,-5399,183,0,1,1,0,0,0,0,0
45655,20,-5387,152,0,1,1,0,0,0,0,0
45665,21,-5374,154,0,1,1,0,0,0,0,0
45675,18,-5393,144,0,1,1,0,0,0,0,0
45685,34,-5377,122,0,1,1,0,0,0,0,0
45693,25,-5377,137,0,1,1,0,0,0,0,0
45703,16,-5372,120,0,1,1,0,0,0,0,0
45713,5,-5385,132,0,1,1,0,0,0,0,0
45724,-13,-5387,114,0,1,1,0,0,0,0,0
45734,-9,-5376,131,0,1,1,0,0,0,0,0
45745,4,-5392,134,0,1,1,0,0,0,0,0
45755,0,-5379,142,0,1,1,0,0,0,0,0
45766,6,-5384,157,0,1,1,0,0,0,0,0
45776,7,-5387,143,0,1,1,0,0,0,0,0
45787,25,-5378,133,0,1,1,0,0,0,0,0
45797,46,-5378,155,0,1,1,0,0,0,0,0
45807,47,-5378,146,0,1,1,0,0,0,0,0
45817,54,-5374,130,0,1,1,0,0,0,0,0
45827,59,-5378,129,0,1,1,0,0,0,0,0
45837,42,-5379,144,0,1,1,0,0,0,0,0
45847,43,-5383,156,0,1,1,1,0,0,0,0
45852,30,-5369,146,0,1,1,0,0,0,0,0
45862,24,-5378,141,0,1,1,0,0,0,0,0
45872,16,-5377,145,0,1,1,0,0,0,0,0
45887,14,-5384,144,0,1,1,0,0,0,0,0
45897,10,-5383,136,0,1,1,0,0,0,0,0
45908,1,-5369,144,0,1,1,0,0,0,0,0
45918,1,-5376,132,0,1,1,0,0,0,0,0
45919,11,-5378,127,0,1,1,0,0,0,0,0
45929,14,-5379,132,0,1,1,0,0,0,0,0
45939,23,-5374,135,0,1,1,0,0,0,0,0
45950,19,-5377,145,0,1,1,0,0,0,0,0
45960,27,-5383,131,0,1,1,0,0,0,0,0
45971,34,-5383,141,0,1,1,0,0,0,0,0
45981,35,-5391,150,0,1,1,0,0,0,0,0
45991,30,-5388,146,0,1,1,0,0,0,0,0
46001,31,-5384,146,0,1,1,0,0,0,0,0
46011,23,-5386,151,0,1,1,0,0,0,0,0
46021,32,-5387,154,0,1,1,0,0,0,0,0
46031,31,-5366,143,0,1,1,0,0,0,0,0
46041,34,-5375,139,0,1,1,0,0,0,0,0
46051,24,-5383,131,0,1,1,0,0,0,0,0
46061,29,-5384,144,0,1,1,0,0,0,0,0
46071,27,-5375,130,0,1,1,0,0,0,0,0
46081,3,-5381,128,0,1,1,0,0,0,0,0
46091,6,-5388,134,0,1,1,0,0,0,0,0
46101,4,-5382,122,0,1,1,0,0,0,0,0
46111,2,-5380,133,0,1,1,0,0,0,0,0
46121,-2,-5385,140,0,1,1,0,0,0,0,0
46132,1,-5379,145,0,1,1,0,0,0,0,0
46142,5,-5383,150,0,1,1,0,0,0,0,0
46152,13,-5384,136,0,1,1,0,0,0,0,0
46162,23,-5385,135,0,1,1,0,0,0,0,0
46172,30,-5376,143,0,1,1,0,0,0,0,0
46182,29,-5390,127,0,1,1,0,0,0,0,0
46192,40,-5392,141,0,1,1,0,0,0,0,0
46202,47,-5374,140,0,1,1,0,0,0,0,0
46212,30,-5376,138,0,1,1,0,0,0,0,0
46222,35,-5394,156,0,1,1,0,0,0,0,0
46232,30,-5391,156,0,1,1,0,0,0,0,0
46242,29,-5386,164,0,1,1,0,0,0,0,0
46252,31,-5387,163,0,1,1,0,0,0,0,0
46262,22,-5375,150,0,1,1,0,0,0,0,0
46272,24,-5399,147,0,1,1,0,0,0,0,0
46282,4,-5387,132,0,1,1,0,0,0,0,0
46286,21,-5377,131,0,1,1,0,0,0,0,0
46296,17,-5387,124,0,1,1,0,0,0,0,0
46306,14,-5377,143,0,1,1,0,0,0,0,0
46316,22,-5374,123,0,1,1,0,0,0,0,0
46326,8,-5377,135,0,1,1,0,0,0,0,0
46327,15,-5383,151,0,1,1,0,0,0,0,0
46337,14,-5379,143,0,1,1,0,0,0,0,0
46347,9,-5385,152,0,1,1,1,0,0,0,0
46367,31,-5385,148,0,1,1,0,0,0,0,0
46377,25,-5370,151,0,1,1,0,0,0,0,0
46387,24,-5376,138,0,1,1,0,0,0,0,0
46397,28,-5389,138,0,1,1,0,0,0,0,0
46407,29,-5375,150,0,1,1,0,0,0,0,0
46417,24,-5376,139,0,1,1,0,0,0,0,0
46427,21,-5378,143,0,1,1,0,0,0,0,0
46437,30,-5374,146,0,1,1,0,0,0,0,0
46447,35,-5387,146,0,1,1,0,0,0,0,0
46458,16,-5394,143,0,1,1,0,0,0,0,0
46468,9,-5374,139,0,1,1,0,0,0,0,0
46478,23,-5380,134,0,1,1,0,0,0,0,0
46488,18,-5390,127,0,1,1,0,0,0,0,0
46498,13,-5378,131,0,1,1,0,0,0,0,0
46508,16,-5374,133,0,1,1,0,0,0,0,0
46518,25,-5394,142,0,1,1,0,0,0,0,0
46528,8,-5374,143,0,1,1,0,0,0,0,0
46539,20,-5389,130,0,1,1,0,0,0,0,0
46549,23,-5391,135,0,1,1,0,0,0,0,0
46559,31,-5381,149,0,1,1,0,0,0,0,0
46569,16,-5390,142,0,1,1,0,0,0,0,0
46579,27,-5377,159,0,1,1,0,0,0,0,0
46589,41,-5378,155,0,1,1,0,0,0,0,0
46599,16,-5386,153,0,1,1,0,0,0,0,0
46609,30,-5375,152,0,1,1,0,0,0,0,0
46619,20,-5397,146,0,1,1,0,0,0,0,0
46629,39,-5384,153,0,1,1,0,0,0,0,0
46639,26,-5373,133,0,1,1,0,0,0,0,0
46649,12,-5388,126,0,1,1,0,0,0,0,0
46659,15,-5394,138,0,1,1,0,0,0,0,0
46669,21,-5381,132,0,1,1,0,0,0,0,0
46679,13,-5391,149,0,1,1,0,0,0,0,0
46689,24,-5381,145,0,1,1,0,0,0,0,0
46699,16,-5371,135,0,1,1,0,0,0,0,0
46709,16,-5373,142,0,1,1,0,0,0,0,0
46719,16,-5382,141,0,1,1,0,0,0,0,0
46720,19,-5382,141,0,1,1,0,0,0,0,0
46730,22,-5381,151,0,1,1,0,0,0,0,0
46740,36,-5379,157,0,1,1,0,0,0,0,0
46751,21,-5379,147,0,1,1,0,0,0,0,0
46761,31,-5380,138,0,1,1,0,0,0,0,0
46772,37,-5380,143,0,1,1,0,0,0,0,0
46782,33,-5382,142,0,1,1,0,0,0,0,0
46793,29,-5391,125,0,1,1,0,0,0,0,0
46803,29,-5378,145,0,1,1,0,0,0,0,0
46813,33,-5375,143,0,1,1,0,0,0,0,0
46823,24,-5383,147,0,1,1,0,0,0,0,0
46833,14,-5376,139,0,1,1,0,0,0,0,0
46843,20,-5380,147,0,1,1,0,0,0,0,0
46854,-3,-5393,158,0,1,1,0,0,0,0,0
46864,15,-5389,127,0,1,1,0,0,0,0,0
46869,16,-5390,158,0,1,1,0,0,0,0,0
46879,24,-5377,147,0,1,1,0,0,0,0,0
46889,23,-5388,133,0,1,1,1,0,0,0,0
46899,21,-5388,151,0,1,1,0,0,0,0,0
46909,12,-5374,138,0,1,1,0,0,0,0,0
46920,15,-5375,144,0,1,1,0,0,0,0,0
46930,27,-5393,123,0,1,1,0,0,0,0,0
46941,22,-5386,135,0,1,1,0,0,0,0,0
46951,21,-5380,149,0,1,1,0,0,0,0,0
46962,27,-5384,140,0,1,1,0,0,0,0,0
46972,26,-5378,160,0,1,1,0,0,0,0,0
46982,16,-5383,141,0,1,1,0,0,0,0,0
46992,22,-5389,138,0,1,1,0,0,0,0,0
47002,29,-5376,141,0,1,1,0,0,0,0,0
47012,25,-5383,132,0,1,1,0,0,0,0,0
47022,19,-5377,142,0,1,1,0,0,0,0,0
47032,36,-5387,142,0,1,1,0,0,0,0,0
47042,27,-5382,144,0,1,1,0,0,0,0,0
47052,12,-5388,151,0,1,1,0,0,0,0,0
47062,-4,-5387,139,0,1,1,0,0,0,0,0
47072,25,-5384,154,0,1,1,0,0,0,0,0
47082,20,-5386,144,0,1,1,0,0,0,0,0
47092,18,-5376,152,0,1,1,0,0,0,0,0
47102,31,-5378,143,0,1,1,0,0,0,0,0
47112,32,-5387,138,0,1,1,0,0,0,0,0
47123,36,-5375,146,0,1,1,0,0,0,0,0
47133,20,-5386,137,0,1,1,0,0,0,0,0
47143,22,-5389,148,0,1,1,0,0,0,0,0
47153,23,-5374,154,0,1,1,0,0,0,0,0
47163,20,-5376,141,0,1,1,0,0,0,0,0
47173,31,-5381,130,0,1,1,0,0,0,0,0
47183,30,-5383,144,0,1,1,0,0,0,0,0
47193,23,-5383,140,0,1,1,0,0,0,0,0
47203,17,-5381,151,0,1,1,0,0,0,0,0
47213,9,-5380,129,0,1,1,0,0,0,0,0
47223,27,-5383,148,0,1,1,0,0,0,0,0
47233,19,-5392,140,0,1,1,0,0,0,0,0
47243,31,-5382,145,0,1,1,0,0,0,0,0
47253,20,-5373,139,0,1,1,0,0,0,0,0
47263,16,-5387,137,0,1,1,0,0,0,0,0
47273,26,-5387,141,0,1,1,0,0,0,0,0
47274,28,-5371,137,0,1,1,0,0,0,0,0
47284,24,-5374,136,0,1,1,0,0,0,0,0
47294,11,-5380,139,0,1,1,0,0,0,0,0
47304,33,-5380,142,0,1,1,0,0,0,0,0
47314,19,-5376,143,0,1,1,0,0,0,0,0
47324,17,-5388,152,0,1,1,0,0,0,0,0
47334,26,-5374,135,0,1,1,0,0,0,0,0
47344,20,-5386,131,0,1,1,0,0,0,0,0
47354,16,-5389,142,0,1,1,0,0,0,0,0
47365,26,-5377,146,0,1,1,0,0,0,0,0
47375,27,-5379,128,0,1,1,0,0,0,0,0
47389,32,-5386,132,0,1,1,0,0,0,0,0
47399,38,-5391,132,0,1,1,1,0,0,0,0
47410,37,-5389,136,0,1,1,0,0,0,0,0
47420,29,-5384,142,0,1,1,0,0,0,0,0
47431,13,-5378,135,0,1,1,0,0,0,0,0
47441,18,-5380,147,0,1,1,0,0,0,0,0
47442,7,-5382,153,0,1,1,0,0,0,0,0
47452,25,-5381,161,0,1,1,0,0,0,0,0
47462,26,-5370,148,0,1,1,0,0,0,0,0
47473,11,-5376,145,0,1,1,0,0,0,0,0
47483,16,-5391,145,0,1,1,0,0,0,0,0
47494,16,-5396,140,0,1,1,0,0,0,0,0
47504,26,-5374,126,0,1,1,0,0,0,0,0
47515,17,-5368,134,0,1,1,0,0,0,0,0
47525,23,-5376,156,0,1,1,0,0,0,0,0
47536,20,-5373,142,0,1,1,0,0,0,0,0
47546,19,-5389,136,0,1,1,0,0,0,0,0
47556,18,-5391,137,0,1,1,0,0,0,0,0
47566,28,-5391,129,0,1,1,0,0,0,0,0
47576,29,-5382,144,0,1,1,0,0,0,0,0
47586,21,-5387,145,0,1,1,0,0,0,0,0
47596,20,-5384,149,0,1,1,0,0,0,0,0
47606,16,-5383,140,0,1,1,0,0,0,0,0
47616,15,-5377,145,0,1,1,0,0,0,0,0
47626,18,-5377,132,0,1,1,0,0,0,0,0
47636,26,-5379,133,0,1,1,0,0,0,0,0
47646,25,-5367,146,0,1,1,0,0,0,0,0
47656,20,-5382,146,0,1,1,0,0,0,0,0
47666,30,-5380,146,0,1,1,0,0,0,0,0
47676,37,-5382,133,0,1,1,0,0,0,0,0
47686,12,-5392,142,0,1,1,0,0,0,0,0
47687,20,-5372,140,0,1,1,0,0,0,0,0
47697,9,-5378,139,0,1,1,0,0,0,0,0
47707,16,-5386,130,0,1,1,0,0,0,0,0
47728,26,-5372,123,0,1,1,0,0,0,0,0
47738,29,-5374,132,0,1,1,0,0,0,0,0
47748,8,-5370,145,0,1,1,0,0,0,0,0
47758,12,-5375,145,0,1,1,0,0,0,0,0
47768,26,-5384,145,0,1,1,0,0,0,0,0
47778,3,-5369,150,0,1,1,0,0,0,0,0
47788,13,-5374,143,0,1,1,0,0,0,0,0
47794,22,-5389,158,0,1,1,0,0,0,0,0
47804,13,-5374,142,0,1,1,0,0,0,0,0
47814,32,-5384,140,0,1,1,0,0,0,0,0
47824,25,-5374,144,0,1,1,0,0,0,0,0
47834,30,-5374,134,0,1,1,0,0,0,0,0
47844,20,-5388,147,0,1,1,0,0,0,0,0
47855,31,-5376,148,0,1,1,0,0,0,0,0
47865,24,-5363,142,0,1,1,0,0,0,0,0
47876,27,-5380,139,0,1,1,0,0,0,0,0
47886,23,-5388,147,0,1,1,0,0,0,0,0
47896,8,-5384,130,0,1,1,0,0,0,0,0
47906,-3,-5373,134,0,1,1,0,0,0,0,0
47916,7,-5376,143,0,1,1,0,0,0,0,0
47926,23,-5389,130,0,1,1,1,0,0,0,0
47936,25,-5361,137,0,1,1,0,0,0,0,0
47946,11,-5379,134,0,1,1,0,0,0,0,0
47947,6,-5381,140,0,1,1,0,0,0,0,0
47957,18,-5383,146,0,1,1,0,0,0,0,0
47967,15,-5378,143,0,1,1,0,0,0,0,0
47977,23,-5382,143,0,1,1,0,0,0,0,0
47987,30,-5370,141,0,1,1,0,0,0,0,0
47997,27,-5370,153,0,1,1,0,0,0,0,0
48007,32,-5374,160,0,1,1,0,0,0,0,0
48017,32,-5386,143,0,1,1,0,0,0,0,0
48027,30,-5385,154,0,1,1,0,0,0,0,0
48038,28,-5372,144,0,1,1,0,0,0,0,0
48048,17,-5374,141,0,1,1,0,0,0,0,0
48058,9,-5389,142,0,1,1,0,0,0,0,0
48068,13,-5393,141,0,1,1,0,0,0,0,0
48078,15,-5387,141,0,1,1,0,0,0,0,0
48088,26,-5383,155,0,1,1,0,0,0,0,0
48098,21,-5377,143,0,1,1,0,0,0,0,0
48108,14,-5385,134,0,1,1,0,0,0,0,0
48119,17,-5379,136,0,1,1,0,0,0,0,0
48129,16,-5387,153,0,1,1,0,0,0,0,0
48139,31,-5378,153,0,1,1,0,0,0,0,0
48149,32,-5380,144,0,1,1,0,0,0,0,0
48159,31,-5378,149,0,1,1,0,0,0,0,0
48169,39,-5375,132,0,1,1,0,0,0,0,0
48179,33,-5391,135,0,1,1,0,0,0,0,0
48189,36,-5379,154,0,1,1,0,0,0,0,0
48199,36,-5381,153,0,1,1,0,0,0,0,0
48209,34,-5381,140,0,1,1,0,0,0,0,0
48219,21,-5399,144,0,1,1,0,0,0,0,0
48229,17,-5376,159,0,1,1,0,0,0,0,0
48239,21,-5385,140,0,1,1,0,0,0,0,0
48249,17,-5393,150,0,1,1,0,0,0,0,0
48259,15,-5382,133,0,1,1,0,0,0,0,0
48269,-8,-5378,125,0,1,1,0,0,0,0,0
48280,20,-5384,145,0,1,1,0,0,0,0,0
48290,15,-5375,136,0,1,1,0,0,0,0,0
48300,7,-5366,147,0,1,1,0,0,0,0,0
48310,3,-5382,123,0,1,1,0,0,0,0,0
48320,2,-5396,137,0,1,1,0,0,0,0,0
48330,23,-5374,152,0,1,1,0,0,0,0,0
48340,27,-5377,146,0,1,1,0,0,0,0,0
48350,27,-5390,153,0,1,1,0,0,0,0,0
48361,32,-5386,139,0,1,1,0,0,0,0,0
48371,27,-5384,154,0,1,1,0,0,0,0,0
48381,25,-5388,144,0,1,1,0,0,0,0,0
48391,28,-5386,134,0,1,1,0,0,0,0,0
48401,27,-5381,138,0,1,1,0,0,0,0,0
48411,21,-5387,140,0,1,1,0,0,0,0,0
48421,27,-5378,142,0,1,1,0,0,0,0,0
48431,19,-5372,136,0,1,1,0,0,0,0,0
48441,18,-5396,137,0,1,1,0,0,0,0,0
48451,21,-5386,151,0,1,1,1,0,0,0,0
48461,20,-5371,145,0,1,1,0,0,0,0,0
48471,22,-5376,157,0,1,1,0,0,0,0,0
48481,13,-5374,139,0,1,1,0,0,0,0,0
48491,6,-5389,132,0,1,1,0,0,0,0,0
48501,17,-5379,139,0,1,1,0,0,0,0,0
48511,24,-5379,140,0,1,1,0,0,0,0,0
48521,14,-5394,147,0,1,1,0,0,0,0,0
48522,16,-5382,138,0,1,1,0,0,0,0,0
48532,32,-5379,143,0,1,1,0,0,0,0,0
48542,33,-5383,142,0,1,1,0,0,0,0,0
48552,29,-5393,138,0,1,1,0,0,0,0,0
48562,18,-5380,147,0,1,1,0,0,0,0,0
48572,16,-5378,157,0,1,1,0,0,0,0,0
48582,21,-5377,150,0,1,1,0,0,0,0,0
48592,27,-5372,140,0,1,1,0,0,0,0,0
48602,17,-5386,120,0,1,1,0,0,0,0,0
48612,23,-5386,135,0,1,1,0,0,0,0,0
48622,24,-5377,148,0,1,1,0,0,0,0,0
48632,10,-5376,147,0,1,1,0,0,0,0,0
48642,22,-5382,134,0,1,1,0,0,0,0,0
48652,10,-5375,137,0,1,1,0,0,0,0,0
48662,13,-5375,143,0,1,1,0,0,0,0,0
48672,30,-5381,141,0,1,1,0,0,0,0,0
48683,14,-5370,138,0,1,1,0,0,0,0,0
48693,7,-5381,137,0,1,1,0,0,0,0,0
48700,19,-5393,135,0,1,1,0,0,0,0,0
48710,25,-5401,134,0,1,1,0,0,0,0,0
48720,30,-5378,145,0,1,1,0,0,0,0,0
48731,17,-5378,154,0,1,1,0,0,0,0,0
48741,29,-5388,145,0,1,1,0,0,0,0,0
48752,34,-5377,154,0,1,1,0,0,0,0,0
48762,28,-5385,145,0,1,1,0,0,0,0,0
48773,32,-5382,146,0,1,1,0,0,0,0,0
48783,31,-5385,134,0,1,1,0,0,0,0,0
48794,22,-5380,145,0,1,1,0,0,0,0,0
48804,11,-5376,140,0,1,1,0,0,0,0,0
48814,25,-5392,141,0,1,1,0,0,0,0,0
48824,24,-5387,131,0,1,1,0,0,0,0,0
48834,19,-5380,139,0,1,1,0,0,0,0,0
48844,25,-5374,148,0,1,1,0,0,0,0,0
48855,19,-5378,136,0,1,1,0,0,0,0,0
48865,10,-5379,146,0,1,1,0,0,0,0,0
48876,11,-5378,140,0,1,1,0,0,0,0,0
48886,14,-5386,135,0,1,1,0,0,0,0,0
48896,7,-5386,137,0,1,1,0,0,0,0,0
48906,17,-5392,136,0,1,1,0,0,0,0,0
48916,38,-5399,146,0,1,1,0,0,0,0,0
48926,43,-5385,155,0,1,1,0,0,0,0,0
48936,22,-5371,150,0,1,1,0,0,0,0,0
48946,25,-5379,158,0,1,1,0,0,0,0,0
48956,30,-5387,137,0,1,1,0,0,0,0,0
48964,27,-5382,147,0,1,1,0,0,0,0,0
48974,33,-5378,134,0,1,1,1,0,0,0,0
48975,31,-5384,135,0,1,1,0,0,0,0,0
48985,25,-5372,140,0,1,1,0,0,0,0,0
48995,16,-5392,127,0,1,1,0,0,0,0,0
49006,21,-5379,138,0,1,1,0,0,0,0,0
49016,33,-5396,133,0,1,1,0,0,0,0,0
49027,18,-5382,147,0,1,1,0,0,0,0,0
49037,11,-5357,147,0,1,1,0,0,0,0,0
49048,29,-5410,134,0,1,1,0,0,0,0,0
49058,27,-5368,142,0,1,1,0,0,0,0,0
49069,11,-5365,122,0,1,1,0,0,0,0,0
49079,23,-5408,161,0,1,1,0,0,0,0,0
49090,5,-5371,151,0,1,1,0,0,0,0,0
49100,-6,-5372,147,0,1,1,0,0,0,0,0
49111,15,-5408,167,0,1,1,0,0,0,0,0
49121,16,-5398,128,0,1,1,0,0,0,0,0
49132,6,-5365,139,0,1,1,0,0,0,0,0
49142,15,-5376,142,0,1,1,0,0,0,0,0
49152,37,-5388,124,0,1,1,0,0,0,0,0
49162,41,-5371,147,0,1,1,0,0,0,0,0
49172,28,-5386,118,0,1,1,0,0,0,0,0
49182,24,-5373,147,0,1,1,0,0,0,0,0
49192,15,-5373,142,0,1,1,0,0,0,0,0
49202,24,-5373,130,0,1,1,0,0,0,0,0
49203,28,-5392,162,0,1,1,0,0,0,0,0
49213,17,-5388,129,0,1,1,0,0,0,0,0
49223,25,-5366,150,0,1,1,0,0,0,0,0
49233,15,-5382,146,0,1,1,0,0,0,0,0
49243,14,-5393,124,0,1,1,0,0,0,0,0
49253,23,-5389,148,0,1,1,0,0,0,0,0
49263,19,-5388,129,0,1,1,0,0,0,0,0
49273,21,-5392,152,0,1,1,0,0,0,0,0
49283,25,-5385,139,0,1,1,0,0,0,0,0
49294,20,-5367,144,0,1,1,0,0,0,0,0
49304,10,-5373,157,0,1,1,0,0,0,0,0
49314,13,-5398,120,0,1,1,0,0,0,0,0
49324,11,-5386,156,0,1,1,0,0,0,0,0
49334,25,-5372,148,0,1,1,0,0,0,0,0
49344,31,-5394,136,0,1,1,0,0,0,0,0
49354,30,-5368,156,0,1,1,0,0,0,0,0
49364,28,-5385,127,0,1,1,0,0,0,0,0
49375,22,-5384,161,0,1,1,0,0,0,0,0
49385,23,-5391,137,0,1,1,0,0,0,0,0
49395,19,-5386,146,0,1,1,0,0,0,0,0
49405,21,-5382,164,0,1,1,0,0,0,0,0
49415,17,-5390,118,0,1,1,0,0,0,0,0
49425,33,-5382,152,0,1,1,0,0,0,0,0
49435,44,-5388,133,0,1,1,0,0,0,0,0
49445,18,-5364,127,0,1,1,0,0,0,0,0
49455,9,-5381,145,0,1,1,0,0,0,0,0
49465,23,-5385,119,0,1,1,0,0,0,0,0
49479,4,-5393,151,0,1,1,0,0,0,0,0
49489,17,-5383,142,0,1,1,1,0,0,0,0
49490,4,-5374,145,0,1,1,0,0,0,0,0
49500,18,-5384,151,0,1,1,0,0,0,0,0
49510,27,-5381,134,0,1,1,0,0,0,0,0
49521,33,-5383,138,0,1,1,0,0,0,0,0
49531,22,-5386,117,0,1,1,0,0,0,0,0
49542,19,-5384,131,0,1,1,0,0,0,0,0
49552,25,-5374,141,0,1,1,0,0,0,0,0
49562,37,-5377,130,0,1,1,0,0,0,0,0
49572,34,-5374,150,0,1,1,0,0,0,0,0
49582,18,-5382,135,0,1,1,0,0,0,0,0
49592,15,-5380,152,0,1,1,0,0,0,0,0
49602,23,-5381,149,0,1,1,0,0,0,0,0
49612,13,-5389,138,0,1,1,0,0,0,0,0
49623,20,-5365,150,0,1,1,0,0,0,0,0
49633,9,-5384,135,0,1,1,0,0,0,0,0
49643,11,-5389,131,0,1,1,0,0,0,0,0
49653,24,-5367,136,0,1,1,0,0,0,0,0
49663,7,-5379,110,0,1,1,0,0,0,0,0
49673,19,-5371,146,0,1,1,0,0,0,0,0
49683,20,-5366,123,0,1,1,0,0,0,0,0
49693,19,-5378,147,0,1,1,0,0,0,0,0
49700,24,-5397,142,0,1,1,0,0,0,0,0
49710,26,-5385,128,0,1,1,0,0,0,0,0
49720,29,-5376,168,0,1,1,0,0,0,0,0
49731,13,-5398,131,0,1,1,0,0,0,0,0
49741,26,-5383,155,0,1,1,0,0,0,0,0
49752,36,-5372,139,0,1,1,0,0,0,0,0
49762,29,-5388,142,0,1,1,0,0,0,0,0
49773,27,-5376,153,0,1,1,0,0,0,0,0
49783,39,-5377,124,0,1,1,0,0,0,0,0
49793,26,-5368,163,0,1,1,0,0,0,0,0
49803,26,-5400,144,0,1,1,0,0,0,0,0
49813,25,-5389,122,0,1,1,0,0,0,0,0
49823,6,-5386,143,0,1,1,0,0,0,0,0
49833,4,-5389,118,0,1,1,0,0,0,0,0
49844,11,-5387,142,0,1,1,0,0,0,0,0
49854,16,-5382,145,0,1,1,0,0,0,0,0
49865,16,-5380,131,0,1,1,0,0,0,0,0
49875,11,-5376,152,0,1,1,0,0,0,0,0
49876,13,-5374,125,0,1,1,0,0,0,0,0
49886,10,-5372,144,0,1,1,0,0,0,0,0
49896,9,-5387,135,0,1,1,0,0,0,0,0
49906,32,-5379,132,0,1,1,0,0,0,0,0
49916,32,-5378,140,0,1,1,0,0,0,0,0
49926,20,-5389,127,0,1,1,0,0,0,0,0
49936,26,-5383,143,0,1,1,0,0,0,0,0
49946,33,-5374,138,0,1,1,0,0,0,0,0
49956,37,-5384,150,0,1,1,0,0,0,0,0
49967,27,-5369,149,0,1,1,0,0,0,0,0
49977,19,-5380,144,0,1,1,0,0,0,0,0
49987,12,-5376,163,0,1,1,0,0,0,0,0
49997,12,-5378,157,0,1,1,0,0,0,0,0
50007,13,-5378,138,0,1,1,0,0,0,0,0
50017,14,-5391,140,0,1,1,1,0,0,0,0
50027,13,-5376,128,0,1,1,0,0,0,0,0
50037,28,-5382,140,0,1,1,0,0,0,0,0
50048,36,-5394,129,0,1,1,0,0,0,0,0
50058,17,-5394,139,0,1,1,0,0,0,0,0
50068,25,-5380,140,0,1,1,0,0,0,0,0
50078,23,-5386,132,0,1,1,0,0,0,0,0
50088,29,-5396,147,0,1,1,0,0,0,0,0
50098,20,-5379,149,0,1,1,0,0,0,0,0
50108,26,-5374,162,0,1,1,0,0,0,0,0
50118,18,-5395,144,0,1,1,0,0,0,0,0
50128,23,-5377,145,0,1,1,0,0,0,0,0
50138,31,-5375,153,0,1,1,0,0,0,0,0
50148,36,-5395,131,0,1,1,0,0,0,0,0
50158,20,-5372,143,0,1,1,0,0,0,0,0
50168,28,-5369,144,0,1,1,0,0,0,0,0
50178,20,-5379,139,0,1,1,0,0,0,0,0
50188,25,-5386,138,0,1,1,0,0,0,0,0
50198,25,-5386,137,0,1,1,0,0,0,0,0
50209,13,-5373,152,0,1,1,0,0,0,0,0
50219,12,-5397,130,0,1,1,0,0,0,0,0
50229,20,-5389,127,0,1,1,0,0,0,0,0
50239,10,-5365,148,0,1,1,0,0,0,0,0
50249,15,-5387,134,0,1,1,0,0,0,0,0
50259,17,-5385,142,0,1,1,0,0,0,0,0
50269,21,-5382,132,0,1,1,0,0,0,0,0
50279,24,-5392,134,0,1,1,0,0,0,0,0
50289,20,-5382,146,0,1,1,0,0,0,0,0
50299,7,-5380,148,0,1,1,0,0,0,0,0
50309,18,-5381,148,0,1,1,0,0,0,0,0
50319,32,-5378,145,0,1,1,0,0,0,0,0
50329,30,-5381,154,0,1,1,0,0,0,0,0
50339,26,-5378,150,0,1,1,0,0,0,0,0
50349,22,-5388,136,0,1,1,0,0,0,0,0
50359,18,-5379,145,0,1,1,0,0,0,0,0
50360,20,-5388,134,0,1,1,0,0,0,0,0
50370,26,-5376,142,0,1,1,0,0,0,0,0
50380,21,-5378,136,0,1,1,0,0,0,0,0
50390,21,-5385,142,0,1,1,0,0,0,0,0
50400,19,-5380,138,0,1,1,0,0,0,0,0
50410,15,-5377,144,0,1,1,0,0,0,0,0
50420,9,-5381,139,0,1,1,0,0,0,0,0
50430,7,-5374,138,0,1,1,0,0,0,0,0
50440,21,-5375,136,0,1,1,0,0,0,0,0
50451,24,-5390,136,0,1,1,0,0,0,0,0
50461,34,-5378,136,0,1,1,0,0,0,0,0
50471,25,-5386,148,0,1,1,0,0,0,0,0
50481,13,-5385,134,0,1,1,0,0,0,0,0
50491,24,-5393,143,0,1,1,0,0,0,0,0
50501,24,-5377,146,0,1,1,0,0,0,0,0
50515,24,-5385,144,0,1,1,0,0,0,0,0
50525,25,-5389,142,0,1,1,1,0,0,0,0
50536,12,-5376,143,0,1,1,0,0,0,0,0
50546,26,-5388,143,0,1,1,0,0,0,0,0
50556,25,-5383,150,0,1,1,0,0,0,0,0
50566,16,-5378,147,0,1,1,0,0,0,0,0
50576,13,-5374,133,0,1,1,0,0,0,0,0
50586,16,-5387,146,0,1,1,0,0,0,0,0
50596,11,-5386,144,0,1,1,0,0,0,0,0
50606,10,-5386,133,0,1,1,0,0,0,0,0
50617,14,-5391,133,0,1,1,0,0,0,0,0
50627,8,-5377,143,0,1,1,0,0,0,0,0
50637,8,-5378,132,0,1,1,0,0,0,0,0
50647,26,-5389,127,0,1,1,0,0,0,0,0
50657,23,-5378,134,0,1,1,0,0,0,0,0
50667,33,-5369,144,0,1,1,0,0,0,0,0
50677,31,-5381,154,0,1,1,0,0,0,0,0
50687,26,-5386,147,0,1,1,0,0,0,0,0
50697,27,-5372,141,0,1,1,0,0,0,0,0
50707,9,-5378,138,0,1,1,0,0,0,0,0
50717,9,-5385,152,0,1,1,0,0,0,0,0
50727,25,-5379,148,0,1,1,0,0,0,0,0
50729,23,-5369,128,0,1,1,0,0,0,0,0
50739,25,-5382,143,0,1,1,0,0,0,0,0
50749,23,-5400,138,0,1,1,0,0,0,0,0
50759,18,-5376,145,0,1,1,0,0,0,0,0
50769,20,-5380,148,0,1,1,0,0,0,0,0
50784,34,-5387,139,0,1,1,0,0,0,0,0
50794,20,-5375,137,0,1,1,0,0,0,0,0
50804,17,-5376,143,0,1,1,0,0,0,0,0
50814,16,-5385,138,0,1,1,0,0,0,0,0
50818,17,-5375,138,0,1,1,0,0,0,0,0
50828,24,-5374,136,0,1,1,0,0,0,0,0
50838,25,-5391,147,0,1,1,0,0,0,0,0
50848,22,-5393,143,0,1,1,0,0,0,0,0
50858,27,-5373,130,0,1,1,0,0,0,0,0
50869,35,-5381,131,0,1,1,0,0,0,0,0
50879,21,-5380,151,0,1,1,0,0,0,0,0
50890,7,-5369,158,0,1,1,0,0,0,0,0
50900,16,-5394,154,0,1,1,0,0,0,0,0
50905,11,-5386,156,0,1,1,0,0,0,0,0
50915,16,-5383,137,0,1,1,0,0,0,0,0
50925,7,-5384,137,0,1,1,0,0,0,0,0
50936,19,-5379,153,0,1,1,0,0,0,0,0
50946,6,-5368,142,0,1,1,0,0,0,0,0
50957,10,-5374,139,0,1,1,0,0,0,0,0
50967,24,-5389,143,0,1,1,0,0,0,0,0
50978,29,-5397,141,0,1,1,0,0,0,0,0
50988,2,-5382,146,0,1,1,0,0,0,0,0
50999,12,-5369,143,0,1,1,0,0,0,0,0
51009,38,-5388,152,0,1,1,0,0,0,0,0
51020,28,-5379,140,0,1,1,0,0,0,0,0
51030,20,-5377,141,0,1,1,0,0,0,0,0
51041,39,-5383,142,0,1,1,0,0,0,0,0
51051,30,-5374,141,0,1,1,1,0,0,0,0
51052,33,-5375,143,0,1,1,0,0,0,0,0
51062,35,-5390,142,0,1,1,0,0,0,0,0
51072,22,-5393,130,0,1,1,0,0,0,0,0
51092,14,-5387,134,0,1,1,0,0,0,0,0
51102,8,-5374,140,0,1,1,0,0,0,0,0
51112,34,-5378,146,0,1,1,0,0,0,0,0
51122,32,-5369,131,0,1,1,0,0,0,0,0
51132,10,-5378,124,0,1,1,0,0,0,0,0
51142,16,-5376,140,0,1,1,0,0,0,0,0
51152,19,-5386,141,0,1,1,0,0,0,0,0
51162,18,-5390,128,0,1,1,0,0,0,0,0
51172,8,-5384,138,0,1,1,0,0,0,0,0
51182,20,-5376,150,0,1,1,0,0,0,0,0
51192,29,-5383,148,0,1,1,0,0,0,0,0
51202,19,-5378,140,0,1,1,0,0,0,0,0
51212,16,-5385,132,0,1,1,0,0,0,0,0
51222,32,-5384,145,0,1,1,0,0,0,0,0
51232,25,-5380,153,0,1,1,0,0,0,0,0
51242,27,-5378,150,0,1,1,0,0,0,0,0
51243,33,-5377,146,0,1,1,0,0,0,0,0
51253,16,-5370,150,0,1,1,0,0,0,0,0
51263,23,-5392,143,0,1,1,0,0,0,0,0
51273,30,-5382,132,0,1,1,0,0,0,0,0
51283,30,-5370,135,0,1,1,0,0,0,0,0
51293,23,-5376,145,0,1,1,0,0,0,0,0
51303,20,-5372,144,0,1,1,0,0,0,0,0
51313,29,-5374,148,0,1,1,0,0,0,0,0
51324,21,-5409,132,0,1,1,0,0,0,0,0
51334,6,-5377,149,0,1,1,0,0,0,0,0
51344,17,-5364,133,0,1,1,0,0,0,0,0
51354,31,-5408,161,0,1,1,0,0,0,0,0
51364,29,-5378,154,0,1,1,0,0,0,0,0
51374,11,-5378,135,0,1,1,0,0,0,0,0
51384,12,-5376,159,0,1,1,0,0,0,0,0
51394,27,-5390,128,0,1,1,0,0,0,0,0
51404,31,-5360,144,0,1,1,0,0,0,0,0
51414,30,-5380,128,0,1,1,0,0,0,0,0
51424,26,-5391,138,0,1,1,0,0,0,0,0
51434,21,-5363,148,0,1,1,0,0,0,0,0
51444,14,-5379,131,0,1,1,0,0,0,0,0
51454,23,-5389,150,0,1,1,0,0,0,0,0
51464,24,-5387,144,0,1,1,0,0,0,0,0
51474,18,-5363,135,0,1,1,0,0,0,0,0
51485,29,-5380,150,0,1,1,0,0,0,0,0
51495,29,-5386,140,0,1,1,0,0,0,0,0
51505,20,-5384,152,0,1,1,0,0,0,0,0
51515,24,-5370,136,0,1,1,0,0,0,0,0
51525,28,-5380,138,0,1,1,0,0,0,0,0
51535,7,-5374,146,0,1,1,0,0,0,0,0
51545,27,-5377,116,0,1,1,0,0,0,0,0
51555,16,-5380,145,0,1,1,0,0,0,0,0
51565,8,-5387,140,0,1,1,0,0,0,0,0
51575,5,-5388,132,0,1,1,1,0,0,0,0
51585,20,-5390,144,0,1,1,0,0,0,0,0
51595,21,-5399,135,0,1,1,0,0,0,0,0
51605,24,-5367,139,0,1,1,0,0,0,0,0
51615,15,-5364,138,0,1,1,0,0,0,0,0
51625,32,-5382,144,0,1,1,0,0,0,0,0
51635,33,-5376,140,0,1,1,0,0,0,0,0
51636,22,-5379,126,0,1,1,0,0,0,0,0
51646,26,-5385,151,0,1,1,0,0,0,0,0
51656,24,-5390,141,0,1,1,0,0,0,0,0
51666,44,-5389,141,0,1,1,0,0,0,0,0
51676,34,-5383,138,0,1,1,0,0,0,0,0
51686,17,-5375,136,0,1,1,0,0,0,0,0
51696,11,-5381,156,0,1,1,0,0,0,0,0
51710,21,-5369,141,0,1,1,0,0,0,0,0
51720,17,-5378,133,0,1,1,0,0,0,0,0
51731,23,-5373,148,0,1,1,0,0,0,0,0
51741,10,-5382,138,0,1,1,0,0,0,0,0
51752,10,-5384,138,0,1,1,0,0,0,0,0
51762,24,-5386,136,0,1,1,0,0,0,0,0
51773,19,-5390,136,0,1,1,0,0,0,0,0
51783,6,-5382,138,0,1,1,0,0,0,0,0
51784,26,-5388,131,0,1,1,0,0,0,0,0
51794,31,-5388,150,0,1,1,0,0,0,0,0
51804,30,-5368,140,0,1,1,0,0,0,0,0
51821,25,-5381,155,0,1,1,0,0,0,0,0
51831,15,-5383,159,0,1,1,0,0,0,0,0
51841,7,-5379,145,0,1,1,0,0,0,0,0
51851,28,-5387,153,0,1,1,0,0,0,0,0
51862,38,-5376,143,0,1,1,0,0,0,0,0
51872,27,-5382,139,0,1,1,0,0,0,0,0
51873,24,-5378,143,0,1,1,0,0,0,0,0
51883,24,-5384,138,0,1,1,0,0,0,0,0
51893,26,-5376,145,0,1,1,0,0,0,0,0
51908,20,-5378,136,0,1,1,0,0,0,0,0
51918,14,-5394,130,0,1,1,0,0,0,0,0
51929,27,-5377,135,0,1,1,0,0,0,0,0
51939,11,-5367,146,0,1,1,0,0,0,0,0
51950,9,-5385,150,0,1,1,0,0,0,0,0
51960,6,-5377,147,0,1,1,0,0,0,0,0
51971,-1,-5379,144,0,1,1,0,0,0,0,0
51981,13,-5386,142,0,1,1,0,0,0,0,0
51982,12,-5388,132,0,1,1,0,0,0,0,0
51992,13,-5386,140,0,1,1,0,0,0,0,0
52002,21,-5388,142,0,1,1,0,0,0,0,0
52013,29,-5377,133,0,1,1,0,0,0,0,0
52023,20,-5391,146,0,1,1,0,0,0,0,0
52034,23,-5384,152,0,1,1,0,0,0,0,0
52044,23,-5371,131,0,1,1,0,0,0,0,0
52055,36,-5379,147,0,1,1,0,0,0,0,0
52065,32,-5383,133,0,1,1,0,0,0,0,0
52080,21,-5379,135,0,1,1,0,0,0,0,0
52090,27,-5384,151,0,1,1,1,0,0,0,0
52091,20,-5384,153,0,1,1,0,0,0,0,0
52101,20,-5374,146,0,1,1,0,0,0,0,0
52111,10,-5388,144,0,1,1,0,0,0,0,0
52122,15,-5383,136,0,1,1,0,0,0,0,0
52132,12,-5367,143,0,1,1,0,0,0,0,0
52143,10,-5385,135,0,1,1,0,0,0,0,0
52153,11,-5385,144,0,1,1,0,0,0,0,0
52164,20,-5393,128,0,1,1,0,0,0,0,0
52174,16,-5386,139,0,1,1,0,0,0,0,0
52184,24,-5387,144,0,1,1,0,0,0,0,0
52194,20,-5380,132,0,1,1,0,0,0,0,0
52204,15,-5375,141,0,1,1,0,0,0,0,0
52214,25,-5380,153,0,1,1,0,0,0,0,0
52224,24,-5390,153,0,1,1,0,0,0,0,0
52234,16,-5379,149,0,1,1,0,0,0,0,0
52244,37,-5377,159,0,1,1,0,0,0,0,0
52254,29,-5384,148,0,1,1,0,0,0,0,0
52264,23,-5387,146,0,1,1,0,0,0,0,0
52274,24,-5365,128,0,1,1,0,0,0,0,0
52284,18,-5386,119,0,1,1,0,0,0,0,0
52294,16,-5391,141,0,1,1,0,0,0,0,0
52304,27,-5393,141,0,1,1,0,0,0,0,0
52314,17,-5386,136,0,1,1,0,0,0,0,0
52325,8,-5377,142,0,1,1,0,0,0,0,0
52335,11,-5392,144,0,1,1,0,0,0,0,0
52345,13,-5401,140,0,1,1,0,0,0,0,0
52355,7,-5360,152,0,1,1,0,0,0,0,0
52365,23,-5388,139,0,1,1,0,0,0,0,0
52375,23,-5388,156,0,1,1,0,0,0,0,0
52385,19,-5378,144,0,1,1,0,0,0,0,0
52395,22,-5372,138,0,1,1,0,0,0,0,0
52405,25,-5397,149,0,1,1,0,0,0,0,0
52415,29,-5392,139,0,1,1,0,0,0,0,0
52425,18,-5363,157,0,1,1,0,0,0,0,0
52435,19,-5392,151,0,1,1,0,0,0,0,0
52445,30,-5382,156,0,1,1,0,0,0,0,0
52455,23,-5377,144,0,1,1,0,0,0,0,0
52465,25,-5385,150,0,1,1,0,0,0,0,0
52475,26,-5394,160,0,1,1,0,0,0,0,0
52486,8,-5386,139,0,1,1,0,0,0,0,0
52496,11,-5364,142,0,1,1,0,0,0,0,0
52506,3,-5384,126,0,1,1,0,0,0,0,0
52516,23,-5381,124,0,1,1,0,0,0,0,0
52526,18,-5383,136,0,1,1,0,0,0,0,0
52536,10,-5370,135,0,1,1,0,0,0,0,0
52546,17,-5382,136,0,1,1,0,0,0,0,0
52556,10,-5382,139,0,1,1,0,0,0,0,0
52566,20,-5383,144,0,1,1,0,0,0,0,0
52567,25,-5384,141,0,1,1,0,0,0,0,0
52577,27,-5369,145,0,1,1,0,0,0,0,0
52587,24,-5373,149,0,1,1,0,0,0,0,0
52597,24,-5376,148,0,1,1,0,0,0,0,0
52607,19,-5383,146,0,1,1,0,0,0,0,0
52617,3,-5384,150,0,1,1,1,0,0,0,0
52627,31,-5391,136,0,1,1,0,0,0,0,0
52637,32,-5388,133,0,1,1,0,0,0,0,0
52648,14,-5382,150,0,1,1,0,0,0,0,0
52658,26,-5386,140,0,1,1,0,0,0,0,0
52668,29,-5382,143,0,1,1,0,0,0,0,0
52678,31,-5395,136,0,1,1,0,0,0,0,0
52688,23,-5379,144,0,1,1,0,0,0,0,0
52698,30,-5377,145,0,1,1,0,0,0,0,0
52710,10,-5376,131,0,1,1,0,0,0,0,0
52720,9,-5387,145,0,1,1,0,0,0,0,0
52731,24,-5386,155,0,1,1,0,0,0,0,0
52741,12,-5370,139,0,1,1,0,0,0,0,0
52751,16,-5397,137,0,1,1,0,0,0,0,0
52761,21,-5377,145,0,1,1,0,0,0,0,0
52771,18,-5374,125,0,1,1,0,0,0,0,0
52781,31,-5381,138,0,1,1,0,0,0,0,0
52791,25,-5388,133,0,1,1,0,0,0,0,0
52801,15,-5377,136,0,1,1,0,0,0,0,0
52810,12,-5379,142,0,1,1,0,0,0,0,0
52820,20,-5374,146,0,1,1,0,0,0,0,0
52830,15,-5365,157,0,1,1,0,0,0,0,0
52840,11,-5379,140,0,1,1,0,0,0,0,0
52850,26,-5380,147,0,1,1,0,0,0,0,0
52861,29,-5383,135,0,1,1,0,0,0,0,0
52871,18,-5383,139,0,1,1,0,0,0,0,0
52872,19,-5388,144,0,1,1,0,0,0,0,0
52882,20,-5372,149,0,1,1,0,0,0,0,0
52892,25,-5376,134,0,1,1,0,0,0,0,0
52908,30,-5387,150,0,1,1,0,0,0,0,0
52918,19,-5400,142,0,1,1,0,0,0,0,0
52929,21,-5378,135,0,1,1,0,0,0,0,0
52939,33,-5374,135,0,1,1,0,0,0,0,0
52950,14,-5384,141,0,1,1,0,0,0,0,0
52960,18,-5390,139,0,1,1,0,0,0,0,0
52961,23,-5385,148,0,1,1,0,0,0,0,0
52971,21,-5380,146,0,1,1,0,0,0,0,0
52981,23,-5380,137,0,1,1,0,0,0,0,0
52992,27,-5372,137,0,1,1,0,0,0,0,0
53002,19,-5379,141,0,1,1,0,0,0,0,0
53013,20,-5381,143,0,1,1,0,0,0,0,0
53023,12,-5374,151,0,1,1,0,0,0,0,0
53034,19,-5385,143,0,1,1,0,0,0,0,0
53044,15,-5384,141,0,1,1,0,0,0,0,0
53055,19,-5379,133,0,1,1,0,0,0,0,0
53065,24,-5379,144,0,1,1,0,0,0,0,0
53076,27,-5380,150,0,1,1,0,0,0,0,0
53086,16,-5384,138,0,1,1,0,0,0,0,0
53096,17,-5384,143,0,1,1,0,0,0,0,0
53106,31,-5386,119,0,1,1,0,0,0,0,0
53110,10,-5385,133,0,1,1,0,0,0,0,0
53120,29,-5381,145,0,1,1,0,0,0,0,0
53130,23,-5370,135,0,1,1,1,0,0,0,0
53141,21,-5371,148,0,1,1,0,0,0,0,0
53151,20,-5385,123,0,1,1,0,0,0,0,0
53162,24,-5389,138,0,1,1,0,0,0,0,0
53172,23,-5367,149,0,1,1,0,0,0,0,0
53182,19,-5374,141,0,1,1,0,0,0,0,0
53192,22,-5381,140,0,1,1,0,0,0,0,0
53202,23,-5379,133,0,1,1,0,0,0,0,0
53212,19,-5381,145,0,1,1,0,0,0,0,0
53222,23,-5385,142,0,1,1,0,0,0,0,0
53232,34,-5382,136,0,1,1,0,0,0,0,0
53242,15,-5380,150,0,1,1,0,0,0,0,0
53252,8,-5380,145,0,1,1,0,0,0,0,0
53262,12,-5393,133,0,1,1,0,0,0,0,0
53272,15,-5387,137,0,1,1,0,0,0,0,0
53282,18,-5384,136,0,1,1,0,0,0,0,0
53292,34,-5371,146,0,1,1,0,0,0,0,0
53302,12,-5369,143,0,1,1,0,0,0,0,0
53312,15,-5376,141,0,1,1,0,0,0,0,0
53323,29,-5386,144,0,1,1,0,0,0,0,0
53333,16,-5387,142,0,1,1,0,0,0,0,0
53343,15,-5380,161,0,1,1,0,0,0,0,0
53353,26,-5372,150,0,1,1,0,0,0,0,0
53363,29,-5384,146,0,1,1,0,0,0,0,0
53373,19,-5384,144,0,1,1,0,0,0,0,0
53383,33,-5375,140,0,1,1,0,0,0,0,0
53393,32,-5390,130,0,1,1,0,0,0,0,0
53403,13,-5381,155,0,1,1,0,0,0,0,0
53413,16,-5380,139,0,1,1,0,0,0,0,0
53423,13,-5379,144,0,1,1,0,0,0,0,0
53433,20,-5395,139,0,1,1,0,0,0,0,0
53443,18,-5374,142,0,1,1,0,0,0,0,0
53453,18,-5389,151,0,1,1,0,0,0,0,0
53463,29,-5389,149,0,1,1,0,0,0,0,0
53473,32,-5379,139,0,1,1,0,0,0,0,0
53484,22,-5378,140,0,1,1,0,0,0,0,0
53494,4,-5383,141,0,1,1,0,0,0,0,0
53504,13,-5393,140,0,1,1,0,0,0,0,0
53514,27,-5363,152,0,1,1,0,0,0,0,0
53524,30,-5374,149,0,1,1,0,0,0,0,0
53534,34,-5386,143,0,1,1,0,0,0,0,0
53544,32,-5376,150,0,1,1,0,0,0,0,0
53554,29,-5397,148,0,1,1,0,0,0,0,0
53564,28,-5378,151,0,1,1,0,0,0,0,0
53574,27,-5379,129,0,1,1,0,0,0,0,0
53584,26,-5394,126,0,1,1,0,0,0,0,0
53594,38,-5364,150,0,1,1,0,0,0,0,0
53604,32,-5379,125,0,1,1,0,0,0,0,0
53614,23,-5399,155,0,1,1,0,0,0,0,0
53624,15,-5392,126,0,1,1,0,0,0,0,0
53634,20,-5365,146,0,1,1,0,0,0,0,0
53641,22,-5385,155,0,1,1,0,0,0,0,0
53651,21,-5384,138,0,1,1,0,0,0,0,0
53661,4,-5367,156,0,1,1,1,0,0,0,0
53672,19,-5382,140,0,1,1,0,0,0,0,0
53682,23,-5379,137,0,1,1,0,0,0,0,0
53683,27,-5378,143,0,1,1,0,0,0,0,0
53693,19,-5372,138,0,1,1,0,0,0,0,0
53703,22,-5381,152,0,1,1,0,0,0,0,0
53721,30,-5386,128,0,1,1,0,0,0,0,0
53731,22,-5395,142,0,1,1,0,0,0,0,0
53742,15,-5383,139,0,1,1,0,0,0,0,0
53752,21,-5380,140,0,1,1,0,0,0,0,0
53753,33,-5385,146,0,1,1,0,0,0,0,0
53763,26,-5392,141,0,1,1,0,0,0,0,0
53773,14,-5378,152,0,1,1,0,0,0,0,0
53784,24,-5364,146,0,1,1,0,0,0,0,0
53794,19,-5379,138,0,1,1,0,0,0,0,0
53805,23,-5369,135,0,1,1,0,0,0,0,0
53815,22,-5371,125,0,1,1,0,0,0,0,0
53822,28,-5378,146,0,1,1,0,0,0,0,0
53832,34,-5379,135,0,1,1,0,0,0,0,0
53842,21,-5386,126,0,1,1,0,0,0,0,0
53852,12,-5378,152,0,1,1,0,0,0,0,0
53863,14,-5376,142,0,1,1,0,0,0,0,0
53873,13,-5370,149,0,1,1,0,0,0,0,0
53884,22,-5381,150,0,1,1,0,0,0,0,0
53894,24,-5382,143,0,1,1,0,0,0,0,0
53909,17,-5378,139,0,1,1,0,0,0,0,0
53919,18,-5375,129,0,1,1,0,0,0,0,0
53930,19,-5382,137,0,1,1,0,0,0,0,0
53940,28,-5390,150,0,1,1,0,0,0,0,0
53941,20,-5382,128,0,1,1,0,0,0,0,0
53951,12,-5386,129,0,1,1,0,0,0,0,0
53961,19,-5384,142,0,1,1,0,0,0,0,0
53972,16,-5384,155,0,1,1,0,0,0,0,0
53982,25,-5392,136,0,1,1,0,0,0,0,0
53993,27,-5383,148,0,1,1,0,0,0,0,0
54003,13,-5389,149,0,1,1,0,0,0,0,0
54013,25,-5388,142,0,1,1,0,0,0,0,0
54023,21,-5379,150,0,1,1,0,0,0,0,0
54033,22,-5386,138,0,1,1,0,0,0,0,0
54043,26,-5388,137,0,1,1,0,0,0,0,0
54053,19,-5377,137,0,1,1,0,0,0,0,0
54063,23,-5376,134,0,1,1,0,0,0,0,0
54073,17,-5387,146,0,1,1,0,0,0,0,0
54083,5,-5380,129,0,1,1,0,0,0,0,0
54093,14,-5377,137,0,1,1,0,0,0,0,0
54103,24,-5377,144,0,1,1,0,0,0,0,0
54113,25,-5376,141,0,1,1,0,0,0,0,0
54123,13,-5368,145,0,1,1,0,0,0,0,0
54133,5,-5387,125,0,1,1,0,0,0,0,0
54143,21,-5379,140,0,1,1,0,0,0,0,0
54154,18,-5375,144,0,1,1,0,0,0,0,0
54164,20,-5382,146,0,1,1,0,0,0,0,0
54174,29,-5368,146,0,1,1,0,0,0,0,0
54184,17,-5383,135,0,1,1,1,0,0,0,0
54194,31,-5386,144,0,1,1,0,0,0,0,0
54204,42,-5383,128,0,1,1,0,0,0,0,0
54214,29,-5373,148,0,1,1,0,0,0,0,0
54224,25,-5387,138,0,1,1,0,0,0,0,0
54234,37,-5394,146,0,1,1,0,0,0,0,0
54244,24,-5372,150,0,1,1,0,0,0,0,0
54254,18,-5389,140,0,1,1,0,0,0,0,0
54264,23,-5401,151,0,1,1,0,0,0,0,0
54274,16,-5378,133,0,1,1,0,0,0,0,0
54284,20,-5381,146,0,1,1,0,0,0,0,0
54294,8,-5396,133,0,1,1,0,0,0,0,0
54304,15,-5383,135,0,1,1,0,0,0,0,0
54315,21,-5370,136,0,1,1,0,0,0,0,0
54325,14,-5382,129,0,1,1,0,0,0,0,0
54335,11,-5386,161,0,1,1,0,0,0,0,0
54345,22,-5361,132,0,1,1,0,0,0,0,0
54355,37,-5389,135,0,1,1,0,0,0,0,0
54365,17,-5405,152,0,1,1,0,0,0,0,0
54375,16,-5352,147,0,1,1,0,0,0,0,0
54385,7,-5392,144,0,1,1,0,0,0,0,0
54395,6,-5394,162,0,1,1,0,0,0,0,0
54405,28,-5372,133,0,1,1,0,0,0,0,0
54415,26,-5362,134,0,1,1,0,0,0,0,0
54425,24,-5402,143,0,1,1,0,0,0,0,0
54435,30,-5388,135,0,1,1,0,0,0,0,0
54445,32,-5355,144,0,1,1,0,0,0,0,0
54455,12,-5381,128,0,1,1,0,0,0,0,0
54465,8,-5389,158,0,1,1,0,0,0,0,0
54475,7,-5375,135,0,1,1,0,0,0,0,0
54476,16,-5373,151,0,1,1,0,0,0,0,0
54486,25,-5410,154,0,1,1,0,0,0,0,0
54496,27,-5382,137,0,1,1,0,0,0,0,0
54506,33,-5373,166,0,1,1,0,0,0,0,0
54516,41,-5409,139,0,1,1,0,0,0,0,0
54526,39,-5384,142,0,1,1,0,0,0,0,0
54536,19,-5381,138,0,1,1,0,0,0,0,0
54546,28,-5394,129,0,1,1,0,0,0,0,0
54557,36,-5395,149,0,1,1,0,0,0,0,0
54567,21,-5385,133,0,1,1,0,0,0,0,0
54577,24,-5386,141,0,1,1,0,0,0,0,0
54587,30,-5391,155,0,1,1,0,0,0,0,0
54597,23,-5372,142,0,1,1,0,0,0,0,0
54607,22,-5369,158,0,1,1,0,0,0,0,0
54617,23,-5392,150,0,1,1,0,0,0,0,0
54627,24,-5390,151,0,1,1,0,0,0,0,0
54637,23,-5379,145,0,1,1,0,0,0,0,0
54647,19,-5379,133,0,1,1,0,0,0,0,0
54657,16,-5382,149,0,1,1,0,0,0,0,0
54667,19,-5378,147,0,1,1,0,0,0,0,0
54677,12,-5366,143,0,1,1,0,0,0,0,0
54687,22,-5386,138,0,1,1,0,0,0,0,0
54697,26,-5387,137,0,1,1,0,0,0,0,0
54707,19,-5373,145,0,1,1,1,0,0,0,0
54715,27,-5383,130,0,1,1,0,0,0,0,0
54725,11,-5370,138,0,1,1,0,0,0,0,0
54735,15,-5389,135,0,1,1,0,0,0,0,0
54746,29,-5385,154,0,1,1,0,0,0,0,0
54756,28,-5370,140,0,1,1,0,0,0,0,0
54767,31,-5386,125,0,1,1,0,0,0,0,0
54777,29,-5374,147,0,1,1,0,0,0,0,0
54788,21,-5378,132,0,1,1,0,0,0,0,0
54798,23,-5377,146,0,1,1,0,0,0,0,0
54809,23,-5381,147,0,1,1,0,0,0,0,0
54819,2,-5383,132,0,1,1,0,0,0,0,0
54824,18,-5372,138,0,1,1,0,0,0,0,0
54834,23,-5382,144,0,1,1,0,0,0,0,0
54844,9,-5372,153,0,1,1,0,0,0,0,0
54854,19,-5373,150,0,1,1,0,0,0,0,0
54865,11,-5376,145,0,1,1,0,0,0,0,0
54875,30,-5395,136,0,1,1,0,0,0,0,0
54886,37,-5388,129,0,1,1,0,0,0,0,0
54896,18,-5375,129,0,1,1,0,0,0,0,0
54901,21,-5380,132,0,1,1,0,0,0,0,0
54911,31,-5378,147,0,1,1,0,0,0,0,0
54921,40,-5390,139,0,1,1,0,0,0,0,0
54932,25,-5381,142,0,1,1,0,0,0,0,0
54942,22,-5380,158,0,1,1,0,0,0,0,0
54953,10,-5382,152,0,1,1,0,0,0,0,0
54963,11,-5387,143,0,1,1,0,0,0,0,0
54974,19,-5383,149,0,1,1,0,0,0,0,0
54984,10,-5380,147,0,1,1,0,0,0,0,0
54995,7,-5370,139,0,1,1,0,0,0,0,0
55005,16,-5391,123,0,1,1,0,0,0,0,0
55015,19,-5388,142,0,1,1,0,0,0,0,0
55025,19,-5377,133,0,1,1,0,0,0,0,0
55035,29,-5389,124,0,1,1,0,0,0,0,0
55045,22,-5372,142,0,1,1,0,0,0,0,0
55055,27,-5379,157,0,1,1,0,0,0,0,0
55065,22,-5380,153,0,1,1,0,0,0,0,0
55075,25,-5382,141,0,1,1,0,0,0,0,0
55085,29,-5385,147,0,1,1,0,0,0,0,0
55095,24,-5372,159,0,1,1,0,0,0,0,0
55105,30,-5372,133,0,1,1,0,0,0,0,0
55115,30,-5391,124,0,1,1,0,0,0,0,0
55125,30,-5380,125,0,1,1,0,0,0,0,0
55135,17,-5377,143,0,1,1,0,0,0,0,0
55145,21,-5384,149,0,1,1,0,0,0,0,0
55156,21,-5377,147,0,1,1,0,0,0,0,0
55166,26,-5371,122,0,1,1,0,0,0,0,0
55176,18,-5381,138,0,1,1,0,0,0,0,0
55186,18,-5383,152,0,1,1,0,0,0,0,0
55196,17,-5370,154,0,1,1,0,0,0,0,0
55206,12,-5380,151,0,1,1,0,0,0,0,0
55216,14,-5388,151,0,1,1,0,0,0,0,0
55226,4,-5389,143,0,1,1,1,0,0,0,0
55236,17,-5366,147,0,1,1,0,0,0,0,0
55246,36,-5381,131,0,1,1,0,0,0,0,0
55256,26,-5390,147,0,1,1,0,0,0,0,0
55266,26,-5358,133,0,1,1,0,0,0,0,0
55276,29,-5386,134,0,1,1,0,0,0,0,0
55286,26,-5383,137,0,1,1,0,0,0,0,0
55296,28,-5385,140,0,1,1,0,0,0,0,0
55306,17,-5387,158,0,1,1,0,0,0,0,0
55316,9,-5377,150,0,1,1,0,0,0,0,0
55321,30,-5373,135,0,1,1,0,0,0,0,0
55331,18,-5384,147,0,1,1,0,0,0,0,0
55341,18,-5377,133,0,1,1,0,0,0,0,0
55351,18,-5367,136,0,1,1,0,0,0,0,0
55362,36,-5387,137,0,1,1,0,0,0,0,0
55372,25,-5376,142,0,1,1,0,0,0,0,0
55383,14,-5391,144,0,1,1,0,0,0,0,0
55393,4,-5390,156,0,1,1,0,0,0,0,0
55404,22,-5384,135,0,1,1,0,0,0,0,0
55414,30,-5380,131,0,1,1,0,0,0,0,0
55415,23,-5399,126,0,1,1,0,0,0,0,0
55425,22,-5379,138,0,1,1,0,0,0,0,0
55435,21,-5388,145,0,1,1,0,0,0,0,0
55446,9,-5385,153,0,1,1,0,0,0,0,0
55456,19,-5362,134,0,1,1,0,0,0,0,0
55467,13,-5402,132,0,1,1,0,0,0,0,0
55477,20,-5370,156,0,1,1,0,0,0,0,0
55488,14,-5367,129,0,1,1,0,0,0,0,0
55498,28,-5389,139,0,1,1,0,0,0,0,0
55508,19,-5388,139,0,1,1,0,0,0,0,0
55518,19,-5364,128,0,1,1,0,0,0,0,0
55528,28,-5381,151,0,1,1,0,0,0,0,0
55538,14,-5399,133,0,1,1,0,0,0,0,0
55548,18,-5369,142,0,1,1,0,0,0,0,0
55558,26,-5394,146,0,1,1,0,0,0,0,0
55569,16,-5403,130,0,1,1,0,0,0,0,0
55579,21,-5363,140,0,1,1,0,0,0,0,0
55589,22,-5365,137,0,1,1,0,0,0,0,0
55599,16,-5379,152,0,1,1,0,0,0,0,0
55609,27,-5400,137,0,1,1,0,0,0,0,0
55619,12,-5376,147,0,1,1,0,0,0,0,0
55629,22,-5385,147,0,1,1,0,0,0,0,0
55639,17,-5391,132,0,1,1,0,0,0,0,0
55649,8,-5378,142,0,1,1,0,0,0,0,0
55659,21,-5379,136,0,1,1,0,0,0,0,0
55669,31,-5376,132,0,1,1,0,0,0,0,0
55679,30,-5376,144,0,1,1,0,0,0,0,0
55689,13,-5381,138,0,1,1,0,0,0,0,0
55699,18,-5388,136,0,1,1,0,0,0,0,0
55709,34,-5377,129,0,1,1,0,0,0,0,0
55719,28,-5367,129,0,1,1,0,0,0,0,0
55724,28,-5385,142,0,1,1,0,0,0,0,0
55734,28,-5391,134,0,1,1,0,0,0,0,0
55744,15,-5379,156,0,1,1,0,0,0,0,0
55754,15,-5382,154,0,1,1,1,0,0,0,0
55765,20,-5371,152,0,1,1,0,0,0,0,0
55775,26,-5379,148,0,1,1,0,0,0,0,0
55786,32,-5376,130,0,1,1,0,0,0,0,0
55796,37,-5374,153,0,1,1,0,0,0,0,0
55807,2,-5387,148,0,1,1,0,0,0,0,0
55817,25,-5372,142,0,1,1,0,0,0,0,0
55827,18,-5378,138,0,1,1,0,0,0,0,0
55837,24,-5382,138,0,1,1,0,0,0,0,0
55847,13,-5382,144,0,1,1,0,0,0,0,0
55857,14,-5383,119,0,1,1,0,0,0,0,0
55867,7,-5390,132,0,1,1,0,0,0,0,0
55878,15,-5396,148,0,1,1,0,0,0,0,0
55888,25,-5384,142,0,1,1,0,0,0,0,0
55889,33,-5380,148,0,1,1,0,0,0,0,0
55899,36,-5379,155,0,1,1,0,0,0,0,0
55909,33,-5397,149,0,1,1,0,0,0,0,0
55924,29,-5385,138,0,1,1,0,0,0,0,0
55934,45,-5380,133,0,1,1,0,0,0,0,0
55945,21,-5391,156,0,1,1,0,0,0,0,0
55955,26,-5384,133,0,1,1,0,0,0,0,0
55966,30,-5370,147,0,1,1,0,0,0,0,0
55976,22,-5390,144,0,1,1,0,0,0,0,0
55987,20,-5382,144,0,1,1,0,0,0,0,0
55997,19,-5382,145,0,1,1,0,0,0,0,0
55998,9,-5378,143,0,1,1,0,0,0,0,0
56008,17,-5380,134,0,1,1,0,0,0,0,0
56018,27,-5377,146,0,1,1,0,0,0,0,0
56028,-10,-5389,155,0,1,1,0,0,0,0,0
56038,13,-5384,146,0,1,1,0,0,0,0,0
56048,25,-5376,137,0,1,1,0,0,0,0,0
56058,23,-5375,140,0,1,1,0,0,0,0,0
56068,27,-5383,135,0,1,1,0,0,0,0,0
56078,19,-5390,144,0,1,1,0,0,0,0,0
56089,28,-5386,157,0,1,1,0,0,0,0,0
56099,31,-5386,153,0,1,1,0,0,0,0,0
56109,20,-5380,146,0,1,1,0,0,0,0,0
56119,22,-5375,139,0,1,1,0,0,0,0,0
56129,28,-5390,153,0,1,1,0,0,0,0,0
56139,22,-5386,157,0,1,1,0,0,0,0,0
56149,24,-5376,137,0,1,1,0,0,0,0,0
56159,15,-5388,146,0,1,1,0,0,0,0,0
56170,11,-5391,140,0,1,1,0,0,0,0,0
56180,9,-5369,143,0,1,1,0,0,0,0,0
56190,15,-5382,135,0,1,1,0,0,0,0,0
56200,20,-5377,137,0,1,1,0,0,0,0,0
56210,22,-5371,147,0,1,1,0,0,0,0,0
56220,29,-5383,145,0,1,1,0,0,0,0,0
56230,25,-5392,147,0,1,1,0,0,0,0,0
56240,20,-5388,150,0,1,1,0,0,0,0,0
56245,3,-5382,146,0,1,1,0,0,0,0,0
56255,21,-5380,149,0,1,1,0,0,0,0,0
56265,36,-5372,143,0,1,1,1,0,0,0,0
56276,27,-5384,141,0,1,1,0,0,0,0,0
56286,18,-5387,147,0,1,1,0,0,0,0,0
56297,37,-5379,155,0,1,1,0,0,0,0,0
56307,18,-5375,133,0,1,1,0,0,0,0,0
56318,31,-5387,133,0,1,1,0,0,0,0,0
56328,26,-5381,142,0,1,1,0,0,0,0,0
56339,13,-5376,136,0,1,1,0,0,0,0,0
56349,15,-5383,129,0,1,1,0,0,0,0,0
56360,26,-5400,135,0,1,1,0,0,0,0,0
56370,27,-5379,143,0,1,1,0,0,0,0,0
56381,7,-5366,140,0,1,1,0,0,0,0,0
56391,6,-5395,131,0,1,1,0,0,0,0,0
56402,23,-5388,133,0,1,1,0,0,0,0,0
56412,16,-5368,152,0,1,1,0,0,0,0,0
56423,26,-5375,141,0,1,1,0,0,0,0,0
56433,14,-5383,151,0,1,1,0,0,0,0,0
56443,24,-5383,143,0,1,1,0,0,0,0,0
56453,23,-5393,136,0,1,1,0,0,0,0,0
56463,15,-5393,145,0,1,1,0,0,0,0,0
56473,20,-5386,151,0,1,1,0,0,0,0,0
56483,25,-5369,148,0,1,1,0,0,0,0,0
56493,21,-5373,146,0,1,1,0,0,0,0,0
56503,14,-5384,137,0,1,1,0,0,0,0,0
56504,29,-5386,137,0,1,1,0,0,0,0,0
56514,21,-5385,141,0,1,1,0,0,0,0,0
56524,13,-5385,135,0,1,1,0,0,0,0,0
56534,16,-5374,131,0,1,1,0,0,0,0,0
56544,31,-5375,135,0,1,1,0,0,0,0,0
56554,19,-5388,133,0,1,1,0,0,0,0,0
56564,16,-5384,137,0,1,1,0,0,0,0,0
56574,9,-5382,154,0,1,1,0,0,0,0,0
56585,10,-5381,159,0,1,1,0,0,0,0,0
56595,16,-5387,143,0,1,1,0,0,0,0,0
56605,26,-5376,147,0,1,1,0,0,0,0,0
56615,22,-5382,148,0,1,1,0,0,0,0,0
56625,23,-5378,150,0,1,1,0,0,0,0,0
56635,25,-5392,136,0,1,1,0,0,0,0,0
56645,31,-5387,131,0,1,1,0,0,0,0,0
56655,24,-5383,144,0,1,1,0,0,0,0,0
56665,21,-5382,143,0,1,1,0,0,0,0,0
56675,22,-5374,140,0,1,1,0,0,0,0,0
56685,19,-5396,147,0,1,1,0,0,0,0,0
56695,20,-5383,146,0,1,1,0,0,0,0,0
56705,20,-5365,151,0,1,1,0,0,0,0,0
56715,24,-5385,149,0,1,1,0,0,0,0,0
56725,23,-5390,135,0,1,1,0,0,0,0,0
56735,18,-5379,139,0,1,1,0,0,0,0,0
56745,24,-5377,140,0,1,1,0,0,0,0,0
56750,15,-5378,135,0,1,1,0,0,0,0,0
56760,19,-5381,133,0,1,1,0,0,0,0,0
56771,32,-5390,137,0,1,1,0,0,0,0,0
56781,12,-5385,130,0,1,1,1,0,0,0,0
56792,20,-5364,133,0,1,1,0,0,0,0,0
56802,23,-5372,141,0,1,1,0,0,0,0,0
56813,34,-5389,137,0,1,1,0,0,0,0,0
56823,32,-5384,146,0,1,1,0,0,0,0,0
56837,10,-5375,143,0,1,1,0,0,0,0,0
56847,25,-5382,148,0,1,1,0,0,0,0,0
56857,19,-5385,148,0,1,1,0,0,0,0,0
56867,16,-5382,145,0,1,1,0,0,0,0,0
56878,22,-5385,150,0,1,1,0,0,0,0,0
56888,10,-5380,142,0,1,1,0,0,0,0,0
56889,11,-5377,137,0,1,1,0,0,0,0,0
56899,19,-5379,144,0,1,1,0,0,0,0,0
56909,18,-5380,143,0,1,1,0,0,0,0,0
56920,19,-5376,144,0,1,1,0,0,0,0,0
56930,1,-5383,129,0,1,1,0,0,0,0,0
56940,26,-5381,145,0,1,1,0,0,0,0,0
56950,16,-5376,147,0,1,1,0,0,0,0,0
56960,24,-5392,135,0,1,1,0,0,0,0,0
56970,10,-5377,144,0,1,1,0,0,0,0,0
56980,10,-5364,138,0,1,1,0,0,0,0,0
56990,29,-5380,154,0,1,1,0,0,0,0,0
57001,18,-5389,136,0,1,1,0,0,0,0,0
57011,22,-5377,140,0,1,1,0,0,0,0,0
57021,38,-5380,143,0,1,1,0,0,0,0,0
57031,23,-5389,143,0,1,1,0,0,0,0,0
57041,17,-5374,138,0,1,1,0,0,0,0,0
57051,18,-5379,146,0,1,1,0,0,0,0,0
57061,24,-5371,143,0,1,1,0,0,0,0,0
57071,20,-5377,150,0,1,1,0,0,0,0,0
57081,31,-5378,145,0,1,1,0,0,0,0,0
57091,17,-5382,141,0,1,1,0,0,0,0,0
57101,18,-5384,133,0,1,1,0,0,0,0,0
57111,8,-5374,139,0,1,1,0,0,0,0,0
57121,21,-5378,138,0,1,1,0,0,0,0,0
57131,17,-5387,138,0,1,1,0,0,0,0,0
57141,12,-5380,134,0,1,1,0,0,0,0,0
57151,24,-5378,138,0,1,1,0,0,0,0,0
57162,31,-5377,141,0,1,1,0,0,0,0,0
57172,30,-5392,143,0,1,1,0,0,0,0,0
57182,19,-5378,142,0,1,1,0,0,0,0,0
57192,33,-5379,152,0,1,1,0,0,0,0,0
57202,23,-5382,151,0,1,1,0,0,0,0,0
57212,24,-5380,141,0,1,1,0,0,0,0,0
57222,24,-5381,141,0,1,1,0,0,0,0,0
57232,19,-5392,149,0,1,1,0,0,0,0,0
57243,21,-5391,141,0,1,1,0,0,0,0,0
57253,26,-5385,146,0,1,1,0,0,0,0,0
57263,30,-5381,144,0,1,1,0,0,0,0,0
57273,29,-5376,152,0,1,1,0,0,0,0,0
57277,21,-5379,139,0,1,1,0,0,0,0,0
57287,15,-5387,158,0,1,1,0,0,0,0,0
57297,13,-5383,141,0,1,1,1,0,0,0,0
57308,21,-5384,134,0,1,1,0,0,0,0,0
57318,23,-5391,133,0,1,1,0,0,0,0,0
57329,15,-5384,134,0,1,1,0,0,0,0,0
57339,15,-5381,143,0,1,1,0,0,0,0,0
57350,18,-5378,150,0,1,1,0,0,0,0,0
57360,12,-5388,142,0,1,1,0,0,0,0,0
57371,21,-5388,144,0,1,1,0,0,0,0,0
57381,27,-5384,144,0,1,1,0,0,0,0,0
57392,23,-5380,148,0,1,1,0,0,0,0,0
57402,15,-5383,147,0,1,1,0,0,0,0,0
57403,40,-5386,148,0,1,1,0,0,0,0,0
57413,26,-5376,138,0,1,1,0,0,0,0,0
57423,22,-5392,122,0,1,1,0,0,0,0,0
57433,27,-5379,136,0,1,1,0,0,0,0,0
57443,24,-5383,136,0,1,1,0,0,0,0,0
57453,16,-5369,142,0,1,1,0,0,0,0,0
57463,12,-5382,142,0,1,1,0,0,0,0,0
57473,28,-5399,153,0,1,1,0,0,0,0,0
57483,15,-5379,143,0,1,1,0,0,0,0,0
57494,16,-5375,130,0,1,1,0,0,0,0,0
57504,24,-5397,144,0,1,1,0,0,0,0,0
57514,15,-5373,154,0,1,1,0,0,0,0,0
57524,20,-5374,143,0,1,1,0,0,0,0,0
57534,30,-5377,139,0,1,1,0,0,0,0,0
57544,18,-5383,147,0,1,1,0,0,0,0,0
57554,21,-5378,154,0,1,1,0,0,0,0,0
57564,26,-5381,146,0,1,1,0,0,0,0,0
